area,building_type,location_factor,timeline_months,quality_grade,estimated_cost
5053,2,1.26,17,2,14938496.999999998
5425,2,1.42,14,3,20393905.0
2804,4,0.95,25,1,5665338.0
3843,2,1.48,34,1,11818659.0
2556,4,0.9,28,2,5876516.0
3308,2,0.87,26,1,5928777.0
7592,1,0.88,21,2,15744251.999999998
9916,1,1.2,26,1,23939860.0
7726,1,1.35,24,3,27295183.0
1386,1,1.06,21,1,3310264.0
9084,4,1.48,14,2,31336705.999999996
8220,3,1.1,18,2,21115544.0
2946,3,0.91,31,2,6785060.999999999
4405,1,1.13,10,3,12988048.999999998
6974,3,1.28,27,1,18090242.0
4091,3,1.38,24,2,13453310.999999998
2681,2,1.12,15,3,8154336.000000002
5511,4,1.22,12,3,17694513.0
5530,1,0.99,14,3,14377451.0
854,3,1.25,30,1,2441843.0
3131,3,1.49,19,1,9595559.0
2021,1,0.83,20,1,3570451.0
3172,2,1.42,18,3,12147501.0
2837,1,1.19,15,1,6967709.0
7468,2,0.98,19,2,16967807.0
1128,3,1.47,31,3,4593723.0
7662,4,1.14,26,1,17931492.0
3179,2,1.03,28,3,9039777.0
5766,2,0.93,34,3,14501555.0
4922,1,0.97,17,1,9727427.0
7963,3,1.38,33,3,29226875.0
1626,4,1.23,34,1,4357633.0
2280,1,1.44,24,1,6766019.0
9924,1,0.96,11,1,19049550.0
7071,4,0.88,17,3,16652195.0
9084,3,0.8,29,3,19280334.0
1325,4,1.16,18,1,3495635.0
7776,1,1.5,13,3,30629951.0
2895,1,1.29,21,1,7582921.0
4645,2,1.02,7,2,11165004.0
7559,4,1.41,27,3,27987948.0
5992,4,1.35,12,3,21264179.000000004
7611,4,0.81,17,2,14565908.999999998
7292,1,1.37,12,2,23297500.0
4051,3,1.01,24,2,9890063.0
8211,1,0.9,19,1,15177459.0
4128,2,0.96,35,1,8224244.0
2065,1,1.13,14,2,5401013.0
4167,1,1.1,23,1,9624368.0
6959,1,1.0,16,3,18107625.0
4596,2,0.92,21,2,10221378.0
1519,4,1.33,24,3,5567447.0
8428,3,1.49,16,1,25466708.0
9976,3,1.34,23,2,31102590.999999996
8754,2,1.01,16,1,17942828.0
6465,4,0.97,30,3,16616451.0
2769,4,0.95,9,1,5746903.0
9335,2,0.9,23,3,22082778.0
5221,1,1.19,24,1,12555417.0
8908,4,1.22,18,3,28586237.0
695,3,1.29,9,1,1996898.0
3773,2,1.28,35,2,11559324.0
5610,3,1.0,15,2,13344980.999999998
7901,1,1.03,34,1,16564275.0
3712,2,1.28,27,3,12911117.0
3255,3,1.04,10,1,7123712.0
2021,3,0.95,8,2,4810143.0
6174,1,1.06,21,3,17409304.0
1580,2,0.99,31,1,3476880.0
6123,4,0.86,13,1,11058929.0
1221,4,1.38,29,3,5057979.0
2062,3,1.4,12,1,5985727.0
1139,1,0.95,24,2,2860619.0
4760,3,0.85,19,2,9463552.0
5690,1,1.32,20,3,19798881.0
4236,4,0.95,22,1,8665416.0
8246,3,1.08,26,1,18087933.0
589,3,0.84,6,2,1340836.0
1751,1,0.96,11,3,4619506.0
9794,2,1.36,32,3,35114720.00000001
5203,1,1.36,28,3,18813648.000000004
848,2,0.94,20,2,2167262.0
4552,4,1.04,17,2,11419225.0
3441,3,0.89,26,3,8246015.0
8937,3,0.85,25,3,20003608.0
771,1,1.49,7,1,2509124.0
2530,1,1.26,10,1,6670021.0
8336,4,1.18,14,3,26095684.0
9887,4,1.34,25,2,31001442.999999996
7541,2,1.39,19,2,24238162.0
5675,4,1.36,23,1,16049703.000000002
1626,4,0.81,34,3,4038594.0
4879,4,0.93,27,2,10868533.0
9208,4,1.26,13,2,26861430.999999996
9993,2,1.06,7,2,24508383.999999996
8552,4,1.49,14,2,29841073.999999996
1111,2,1.27,12,1,3199882.0
1249,1,1.47,35,2,4684841.0
2356,3,0.94,34,2,5491722.0
9091,1,1.4,23,3,33308606.0
2026,4,1.02,32,3,5964670.0
6729,3,1.49,21,1,20247603.0
9011,4,0.91,26,1,16839839.0
9027,4,1.16,10,1,21371390.0
2598,1,1.35,28,1,7294310.0
8365,4,1.1,34,2,21560644.0
673,1,1.13,20,3,2053356.0
1000,4,1.49,10,2,3674377.9999999995
4146,2,1.1,16,2,10919895.0
6719,3,1.22,35,2,19281413.0
2863,1,0.84,27,3,6642743.0
8040,1,1.39,19,1,22573614.0
2396,3,1.25,30,1,6272143.0
6259,1,1.08,24,3,17787224.0
2278,3,0.81,8,3,5148026.000000001
3557,2,1.21,29,1,9019314.0
5690,4,0.81,15,2,11037329.0
7497,2,0.8,33,1,12418326.0
5247,4,1.23,11,3,17224984.0
9786,3,0.93,33,1,18494162.0
545,2,0.93,31,1,1251687.0
8258,4,1.26,8,1,21056972.0
7553,3,0.84,7,3,16763026.0
3701,4,1.02,18,3,10071900.0
955,1,0.9,23,1,1983943.0
3424,1,1.21,7,1,8463556.0
8298,3,1.26,20,2,24342303.0
1465,4,1.3,10,2,4711071.0
5464,1,0.98,20,1,10984806.0
2028,2,0.86,33,3,4815677.0
3476,4,0.86,26,2,7175936.999999999
3571,4,1.1,22,1,8334529.000000001
5369,1,1.46,7,2,18305268.0
6887,1,0.95,23,2,15239783.999999998
3021,3,0.98,20,2,7066281.999999999
7025,4,0.87,25,3,16333108.0
1626,2,1.22,28,1,4149051.0
7132,1,1.28,8,3,24053487.0
6273,4,1.25,10,3,20518907.0
8216,1,1.4,16,2,26483981.999999996
3904,3,1.14,14,1,9238944.0
4992,4,0.89,10,2,10407923.0
2843,4,1.0,30,3,7992491.0
606,3,1.26,6,3,2365154.0
3654,2,1.23,30,1,9425366.0
4553,1,1.17,19,3,14234643.0
5301,3,1.28,10,3,18033269.0
6639,4,1.25,13,1,16780288.0
6080,3,1.42,26,2,20240875.0
714,4,1.21,19,1,2079236.0
5900,3,1.35,33,3,21076964.000000004
7375,2,0.97,21,1,14745891.0
4789,4,1.27,11,2,14374518.999999998
4753,3,1.43,13,3,17762578.0
9156,2,1.07,7,2,22518837.0
6747,2,1.35,24,2,21470539.0
6677,1,1.31,32,1,17681553.0
7769,4,0.84,14,2,15254455.999999998
2872,1,1.21,10,1,7271372.0
7334,2,0.89,10,1,13250842.0
9283,1,1.48,30,2,32137553.999999996
7117,1,1.37,31,1,19793720.0
5650,3,0.88,24,1,10173927.0
9575,1,0.89,35,2,20167317.0
8602,2,1.22,9,3,27306083.0
4658,1,1.04,21,1,10022467.0
8227,4,0.82,21,1,13825311.0
5706,3,1.18,21,2,15993378.999999998
803,2,1.07,12,1,1905166.0
833,1,0.87,23,2,1799535.9999999998
5006,4,1.36,29,3,18312170.000000004
2831,2,1.44,26,3,11107519.0
5061,1,1.33,6,2,15608013.999999998
579,3,1.38,8,3,2455573.0
4263,1,0.95,30,2,9682841.0
5696,2,0.98,26,1,11466349.0
1232,2,0.95,13,3,3338849.0
4476,2,1.34,6,1,12262214.0
6159,4,1.46,35,1,18671308.0
1884,1,1.3,12,2,5667047.0
2624,1,1.42,12,3,9837146.0
7152,1,1.25,13,3,23541685.0
5783,3,1.07,24,1,12922083.0
7676,4,1.1,22,1,17115082.0
9890,4,0.85,16,2,19565775.0
7105,3,0.82,20,3,15573914.0
6207,4,1.29,14,2,18858879.0
2792,3,1.11,22,2,7492121.000000001
8876,2,1.19,16,2,24713274.999999996
1497,2,1.19,11,3,4808966.0
5164,4,0.99,14,2,11981509.0
2857,2,1.13,35,3,8805227.0
5991,2,1.13,23,2,15809945.999999996
2179,2,1.07,25,1,4828422.0
6215,1,1.37,7,2,19779392.0
5386,2,1.12,9,2,14039570.000000002
7940,1,1.22,23,3,25503121.0
7321,3,1.43,33,1,21614830.0
4027,3,1.41,6,1,11647057.0
7313,3,1.42,16,3,27286963.0
3245,3,0.99,8,3,8544033.0
4590,3,0.82,13,1,7915384.0
6658,2,0.98,10,3,17273697.0
9061,2,1.0,25,1,18577130.0
7971,2,1.44,26,2,26661968.999999996
4243,3,1.25,27,2,12796948.999999998
7508,3,0.86,27,1,13141345.0
3824,1,0.89,10,1,6760842.0
9132,4,0.91,33,2,19460114.0
3757,2,1.24,16,2,10923337.0
726,4,1.31,17,1,2357371.0
2901,3,1.4,27,3,10968069.0
5218,3,1.46,14,3,20116761.0
1524,3,0.94,26,1,3439942.0
6172,4,1.02,18,3,16734427.0
8227,1,0.97,27,2,18540462.0
5780,3,1.05,25,2,14225219.999999998
1370,1,1.44,34,3,5336624.0
3699,1,1.2,8,1,9126946.0
2245,2,1.32,18,2,7258049.999999999
5770,4,1.14,33,2,15736042.999999996
9135,3,0.82,27,2,17843695.0
6386,1,0.84,16,3,14263432.0
6090,4,1.18,16,1,14824812.0
8397,4,1.3,26,3,28726424.0
9164,3,0.95,25,1,17756222.0
8771,2,1.31,26,1,23390125.0
5658,2,1.37,12,3,20310570.000000004
8931,1,1.09,22,2,22538580.0
1089,2,1.32,21,1,3357268.0
2384,2,1.08,19,3,7013623.0
5899,2,1.27,6,2,17477582.0
9003,4,1.33,16,1,24426906.0
1576,3,1.49,18,1,4963584.0
7735,4,1.04,6,2,18563945.0
7337,4,1.09,7,1,16190847.000000002
533,3,0.92,14,3,1613806.0
2341,4,0.94,18,1,4903333.0
4981,1,1.29,10,1,12813450.0
8940,1,1.44,35,2,30075193.999999996
1634,4,1.08,14,3,4886612.0
7761,2,0.93,18,2,17074024.0
5798,4,1.0,10,3,15335955.0
7517,2,1.12,20,2,19734894.0
8271,4,1.0,35,1,17267950.0
9067,1,0.96,12,3,22872182.0
9415,2,1.32,19,3,32696586.0
2413,1,0.81,35,1,4445936.0
4797,4,1.18,21,2,13395018.999999998
2442,3,1.36,11,3,8722614.000000002
4504,2,0.99,7,1,9157803.0
1831,2,1.22,21,1,4864383.0
8390,4,1.27,24,3,28242751.0
5088,4,1.26,10,3,16845109.0
837,2,1.11,9,3,2502265.0000000005
7566,3,1.04,19,1,15945726.0
8313,4,1.39,32,2,27107942.999999996
9483,4,1.33,11,2,29464530.999999996
4111,4,1.02,13,3,11317555.0
4200,3,0.87,29,1,7936165.0
6618,2,0.85,8,1,11481127.0
7605,1,0.87,9,3,17502021.0
3173,4,1.21,6,1,7782544.0
2622,3,0.84,7,1,4581178.0
7582,2,1.04,18,1,15896379.0
8750,2,1.33,14,3,30380662.0
2562,3,1.01,17,3,7061516.0
1754,4,1.33,15,3,6294938.0
4188,1,1.32,15,2,13084700.999999998
4248,4,0.97,23,2,9759306.0
6842,2,1.31,17,3,23400102.0
4630,1,1.32,27,1,12488685.0
4757,4,1.08,35,1,10964655.0
3529,1,0.95,21,3,9077695.0
3346,3,1.16,28,1,8325986.999999999
9162,4,1.44,11,1,26751871.0
4535,2,1.25,29,2,13302487.999999998
3399,2,0.92,30,1,6611017.0
4943,1,1.28,29,1,12982017.0
5289,3,1.1,26,3,15433940.000000004
1412,4,1.21,29,2,4316443.0
4742,3,1.31,15,2,14656650.999999998
8041,3,1.16,20,1,18881460.0
2211,1,1.37,31,3,8233487.000000002
9366,1,1.31,14,2,28322806.999999996
1939,4,1.23,35,2,5835788.0
6113,2,0.91,29,1,11575378.0
4130,4,1.39,7,2,13650357.999999998
5875,3,1.46,23,3,22790845.0
7603,1,0.9,17,3,17996346.0
9377,3,1.14,8,2,24960797.999999996
9818,1,0.98,12,3,25259204.0
4716,2,1.33,14,3,16371166.0
2966,3,1.31,13,1,8207240.0
8324,1,0.9,30,2,17421563.0
4624,4,1.41,11,2,15191109.999999998
1465,4,0.93,6,1,2854296.0
7428,4,1.36,19,1,20635979.0
6596,3,1.12,21,1,15201631.000000002
6657,1,1.03,33,1,14176087.0
9611,1,0.91,21,3,22995521.0
8620,1,0.92,9,3,20808534.0
2008,3,1.26,34,1,5486081.0
9904,1,1.19,11,2,27223037.999999996
1371,2,0.89,20,2,3274052.0
1363,3,0.88,33,2,3388718.0
3555,2,0.85,27,1,6536621.0
5633,2,1.32,13,3,19712925.0
3182,4,1.3,6,3,10973367.0
5778,3,0.84,18,3,12910486.0
5948,1,1.19,32,3,18963678.0
1113,2,0.86,23,2,2552557.0
2372,3,1.43,23,2,8016294.999999999
8223,1,1.43,18,3,30838664.0
7689,4,1.29,27,1,20385453.0
5886,3,1.45,35,3,22661152.0
7442,3,1.37,19,3,27028085.0
9259,3,1.38,16,1,25977327.999999996
744,1,1.2,12,3,2621315.0
520,2,1.01,23,2,1520690.0
9085,2,0.95,26,1,17518964.0
6267,3,1.03,27,1,13458033.0
4015,3,1.24,9,3,13064672.0
2410,1,0.92,22,2,5360696.0
8981,4,0.98,24,2,20510188.0
6382,3,1.13,19,2,16761380.999999996
9052,3,0.96,15,3,23054493.0
8576,4,1.21,30,3,27676969.0
2122,3,1.45,34,2,7456291.999999999
4814,2,1.32,11,3,16901711.0
2953,3,1.27,23,2,9199956.0
2515,2,1.21,30,3,8257461.0
3300,1,1.14,9,1,7580853.999999999
9523,1,0.93,16,1,17969009.0
9272,2,1.43,18,3,34632613.0
7252,2,0.97,13,3,18596808.0
7953,4,0.86,15,2,16068917.999999998
3353,2,1.33,28,1,9188805.0
2736,2,0.92,33,2,6287503.0
4676,3,1.06,16,3,13256627.0
2655,4,0.82,8,2,5416103.0
6198,2,0.9,20,2,13000184.999999998
7329,2,0.92,13,3,17694952.0
9037,2,0.84,25,1,15642183.0
2386,3,1.26,23,2,7247572.999999999
6971,3,1.39,32,3,25477526.0
9246,3,1.06,26,2,22899384.0
4270,1,1.41,6,3,15641615.0
8891,3,0.95,34,3,22358486.0
3440,2,1.03,29,3,9598873.0
3990,3,0.91,35,1,7910593.0
8399,3,1.23,13,1,20763183.0
806,4,1.09,8,3,2427332.0000000005
3575,2,1.23,6,1,8797023.0
2156,3,1.33,25,2,7127567.999999999
7744,1,1.18,30,1,18478624.0
7111,4,1.24,21,1,18195317.0
6822,3,1.45,14,2,23163215.0
3192,4,1.01,22,2,7779214.999999999
2264,4,1.05,32,2,6165805.0
775,1,1.3,21,3,2788502.0
5771,1,1.23,28,2,16616634.999999998
7831,1,0.92,11,2,16749891.999999998
5525,2,1.06,35,2,13737350.999999998
4550,4,1.13,28,3,14012001.999999998
8580,3,1.09,12,1,19018773.0
3960,1,0.92,29,3,9864922.0
4335,1,1.45,21,1,12743546.0
4778,4,1.33,13,2,15072417.999999998
2344,4,1.14,15,3,7371731.0
571,4,1.28,19,3,2440450.0
7886,3,1.43,16,1,22918532.0
7362,2,0.9,7,3,17583992.0
7840,2,0.98,17,3,20062885.0
9987,1,1.18,33,1,23756149.0
8135,2,1.36,33,3,29252040.0
1543,3,0.83,25,3,3605817.0
3542,2,1.49,25,2,12370256.999999998
1314,3,1.12,18,2,3553805.0000000005
6122,1,1.05,20,2,15085810.999999998
7832,4,1.0,32,2,18507131.0
809,3,0.92,31,2,2345527.0
7161,4,1.35,17,3,25314286.0
4727,1,1.47,18,3,18354099.0
2377,3,1.09,13,2,6352799.0
2986,3,1.47,21,1,9084984.0
7386,2,1.38,35,2,24052676.0
5335,3,1.14,34,3,16252610.999999998
1294,1,1.27,34,1,3602430.0
7286,4,1.1,8,2,18595625.0
4514,3,1.19,33,1,11189780.0
7892,1,0.84,34,2,15818390.999999998
5853,1,1.29,18,3,19711565.0
3907,3,0.84,17,2,8005203.999999999
1474,2,1.37,24,1,4466693.0
9739,3,1.38,34,3,35442036.0
4737,3,0.97,7,2,10939014.0
7748,2,1.03,6,2,18629438.0
4869,1,1.14,13,2,13042125.999999996
8550,3,1.22,35,2,24490178.0
964,2,1.0,14,3,2850538.0
5827,4,1.21,30,3,18844410.0
5915,4,1.01,32,2,14299647.999999998
8615,2,0.84,13,3,19214613.0
787,1,0.8,26,1,1492389.0
3695,2,0.87,22,3,8569213.0
9567,1,1.35,14,1,26065360.0
2492,4,1.47,11,1,7724218.0
7950,3,1.1,33,3,23200635.0
3425,2,1.16,20,2,9618449.999999998
1620,4,0.9,28,3,4282224.0
5810,3,1.19,29,1,14172821.0
946,4,0.9,18,1,2100712.0
7127,2,1.23,26,3,23242676.0
3396,2,1.45,27,1,10266204.0
1221,3,0.94,17,3,3170776.0
2663,2,1.34,18,3,9714871.0
4480,4,0.82,12,2,8929547.0
5002,3,1.06,28,1,11113924.0
2225,3,0.88,23,3,5646427.0
9385,4,1.05,19,1,20194400.0
3913,1,0.92,16,3,9506555.0
994,3,1.06,33,3,3231875.0
1447,1,1.09,19,2,3757420.9999999995
522,4,1.01,22,3,1901955.0
1628,4,1.26,29,2,5014032.0
1057,3,1.44,26,1,3616953.0
4230,2,1.08,31,2,10759364.0
5841,3,0.93,7,2,12706358.999999998
7498,2,0.99,24,1,15127655.0
7682,1,1.4,21,2,24799044.999999996
7534,2,1.2,27,2,21263187.0
2156,3,1.12,15,3,6656636.0
4673,2,0.9,27,2,9952101.0
5941,4,1.11,13,3,17308422.000000004
9498,1,0.99,26,2,21947701.0
3812,4,1.46,10,1,11277421.0
9145,4,1.42,12,1,26327804.0
2824,4,0.86,31,2,6027020.0
6095,4,1.16,18,3,18928720.0
6484,2,0.96,21,2,14576689.999999998
3011,4,1.09,35,3,9168789.000000002
862,2,1.41,10,2,3170908.0
3954,4,1.17,21,1,9634152.0
3298,3,1.03,20,1,7300697.0
5120,4,0.95,14,3,13072984.0
3755,3,1.36,27,2,12239646.0
1717,2,1.24,28,3,5817023.0
1985,1,1.13,17,1,4574373.0
5849,2,0.95,13,3,14847022.0
7695,1,1.03,18,2,18281243.0
8250,1,1.47,10,3,31638094.0
6579,4,1.16,19,2,17812956.999999996
9899,1,1.08,21,2,24849591.999999996
8535,2,1.16,16,1,20044561.0
2007,4,1.35,25,2,6874561.999999999
1503,1,1.04,17,2,3754071.9999999995
6903,2,0.93,20,2,15248484.999999998
1425,1,1.21,29,3,4630849.0
8775,1,1.27,17,1,22568704.0
7083,4,1.3,31,3,24335946.0
4427,4,1.42,14,3,16791775.0
1485,2,1.06,6,1,3366615.0
4731,4,0.85,8,3,10659209.0
5802,4,1.47,17,3,22616002.0
5791,3,1.1,25,2,14876377.000000002
1408,3,1.24,18,3,5008173.0
5551,2,1.27,28,1,14647894.0
3086,4,1.18,11,3,9598762.0
9835,2,0.94,15,2,21639113.0
1831,3,1.33,15,3,6703357.0
7351,3,1.36,21,1,20205505.0
2306,3,1.19,32,2,6932254.999999999
1305,2,1.14,6,3,4059148.9999999995
4647,4,0.88,21,1,8729881.0
571,1,0.86,9,1,1231162.0
527,4,1.04,11,3,1924919.0
9160,2,1.02,24,3,24803882.0
4483,3,1.47,7,2,15494671.999999998
9455,1,1.35,23,3,33343081.0
7555,2,1.26,15,2,22036208.0
7190,3,1.16,33,3,22350136.0
4332,2,0.92,33,1,8201026.0
1059,1,1.48,9,1,3245987.0
8457,3,1.06,34,1,18456982.0
4331,4,0.87,6,1,7705762.0
7844,2,1.15,20,2,21080178.0
5671,1,1.41,15,1,15994814.0
578,4,1.42,23,2,2194358.0
5429,1,0.81,21,2,10362954.0
4147,2,1.42,18,2,13837857.999999998
1531,1,0.99,31,3,4223318.0
7881,3,0.83,20,2,15283025.999999998
2572,1,1.39,7,3,9373851.0
7411,2,1.4,25,2,24337361.0
6588,3,1.22,9,3,20981073.0
1984,1,1.2,6,3,6479842.0
6338,1,1.37,12,1,17526835.0
2050,3,1.35,28,2,6812859.999999999
5997,4,1.42,31,3,22689295.0
5182,4,1.19,16,1,12815355.0
2329,3,1.48,31,2,8527963.0
4251,1,1.5,15,1,12829990.0
6581,4,0.88,6,3,15454676.0
7101,3,1.39,16,1,20181875.0
4959,2,1.15,29,1,11693009.0
4356,1,1.07,15,2,11107601.0
6682,2,1.23,19,3,21585858.0
6583,1,0.84,19,2,12965195.999999998
8470,4,1.15,12,2,22683261.0
2594,2,1.41,28,1,7872918.0
6738,2,0.95,16,3,16740319.0
3532,3,1.1,27,2,9294701.0
2048,4,1.46,33,3,8325029.0
9059,4,1.1,9,2,23224158.0
564,1,1.05,32,1,1439385.0
3799,3,1.11,29,2,10105435.0
5349,3,1.16,7,2,14484687.999999998
6139,1,1.24,12,2,17698112.0
2535,2,1.36,24,3,9364101.000000002
6174,1,1.12,19,1,14069029.000000002
2728,1,1.37,24,3,10055874.000000002
6120,1,1.17,35,2,16757215.0
1096,3,1.04,12,1,2659765.0
4106,1,1.26,17,3,13581159.0
4389,1,1.3,8,2,13354128.999999998
4006,1,1.19,20,1,9975399.0
1895,4,0.84,10,1,3427370.0
8029,2,0.92,13,2,17115864.0
8803,2,1.0,19,1,18019970.0
952,2,1.0,34,1,2306480.0
7836,2,1.27,9,3,25989100.0
3131,3,0.81,12,1,5361713.0
2686,3,1.33,12,3,9437033.0
6467,1,0.99,23,3,17089167.0
6874,3,1.02,19,3,18516053.0
5858,2,1.17,13,3,17970889.0
4848,4,0.95,31,1,9726018.0
1959,1,1.42,17,1,5750758.0
2442,1,0.86,15,3,5493355.0
5922,2,1.11,19,1,13634134.000000002
5696,2,1.39,14,3,20679250.0
561,2,1.23,11,3,1815215.0
1994,3,1.0,35,3,5775894.0
1680,1,1.09,10,2,4428602.0
6768,2,1.29,6,1,17551559.0
3288,4,1.48,6,1,9802645.0
5136,1,1.43,30,3,19377514.0
5221,1,1.04,35,1,11279467.0
6210,3,1.5,25,3,24818086.0
8202,1,0.8,22,1,13292093.0
605,2,0.82,16,3,1642740.0
9846,2,1.38,31,3,35771137.0
4587,4,0.94,17,2,10407322.0
4425,1,0.84,8,3,9610411.0
2408,1,0.97,11,2,5418913.0
2549,3,1.1,35,1,6046249.0
9966,2,1.31,16,1,26310853.0
9637,4,1.24,34,2,28165355.999999996
8672,2,0.97,18,1,17061705.0
4404,1,1.15,16,2,12048594.0
4296,1,1.45,13,1,12737345.0
792,4,1.37,34,2,2853869.0
6766,1,1.03,15,2,16374559.999999998
6870,4,1.49,7,3,27028770.0
5360,4,1.3,29,1,14355350.0
4229,2,0.84,19,3,9616082.0
8462,4,0.82,34,2,16684269.999999998
6010,1,0.92,21,3,14636806.0
9119,3,1.31,22,2,27905263.999999996
7261,3,0.93,16,1,13754032.0
6610,1,1.16,7,1,15259214.999999998
7455,3,0.87,29,1,13342005.0
606,3,1.44,28,2,2558028.0
5254,4,1.04,10,3,14314642.0
5778,3,1.44,34,1,16939841.0
6908,3,1.46,21,2,23386112.0
8135,3,0.8,21,3,17464415.0
1725,2,1.12,31,2,4673541.0
4750,1,0.82,7,2,9221285.0
1395,4,1.44,21,1,4286018.0
2120,3,1.16,30,2,6102921.0
5588,1,0.85,10,2,11178225.0
5919,3,0.88,13,3,13693094.0
1885,2,1.07,34,1,4654113.0
2933,2,1.46,25,2,10154036.0
1801,3,1.29,19,2,5604532.0
7358,3,1.41,30,3,27423303.0
9450,3,1.06,15,2,23290814.0
9438,2,0.83,28,2,18238749.0
9284,2,1.48,7,2,31946996.999999996
6144,1,0.81,8,2,11721281.0
5588,4,1.46,35,2,19128954.0
9760,4,1.06,23,3,27396322.0
5940,2,0.81,26,2,11480171.0
7993,4,1.28,7,2,23766727.0
6791,3,1.49,26,2,23550340.0
3807,1,1.48,34,2,13486071.999999998
9394,2,0.91,14,1,17398440.0
5208,2,0.93,7,1,9947818.0
604,4,1.2,30,1,2024835.0
4333,3,1.25,12,1,11179805.0
895,1,1.32,12,3,3439014.0
4017,4,0.93,19,1,8047376.0
3791,2,1.47,10,3,14516865.0
2510,2,1.25,13,1,6521453.0
5037,4,1.39,28,3,18883667.0
5468,3,1.18,27,1,13486585.0
5262,1,1.09,23,2,13506252.999999998
1551,1,1.48,11,1,4714033.0
3341,1,1.21,19,1,8265621.0
7118,1,1.41,23,1,20468009.0
5223,3,1.47,22,2,18154543.0
7972,2,1.27,14,3,26754067.0
8413,2,1.18,18,3,26021789.0
6024,1,0.8,21,2,11399088.0
4084,1,0.83,26,1,7110860.0
9039,1,0.94,15,1,17085955.0
1763,4,0.93,15,1,3498759.0
5165,4,0.98,9,3,13526806.0
8514,2,1.01,17,3,22526665.0
1851,2,1.05,32,2,4913051.0
7480,1,1.09,13,2,18857416.0
7690,4,0.87,20,3,17750592.0
4327,3,0.83,26,1,7755592.0
9361,4,1.27,35,1,24157916.0
3146,2,1.18,28,1,7775699.0
766,4,1.11,24,1,1951751.0
7934,2,1.24,20,2,22862168.0
1522,1,1.38,13,2,5056728.0
8447,3,1.1,13,3,24263681.0
2537,1,1.25,24,2,7671280.999999999
9256,1,1.47,14,1,27599136.0
8278,3,1.39,35,3,30379506.0
1559,3,1.1,29,2,4187860.0
1924,3,1.25,22,2,6080370.0
4623,2,0.92,13,2,9993566.0
719,1,1.19,17,2,2075445.0
905,2,1.49,32,2,3335004.9999999995
2818,3,1.16,20,1,6919361.0
9483,2,1.45,9,1,27716901.0
5558,3,1.09,11,1,12448117.0
1809,4,1.5,35,2,6979083.999999999
8121,3,1.21,34,3,26214629.0
5429,1,0.83,21,1,9327159.0
9202,1,1.21,31,1,22767352.0
9183,1,0.99,30,2,21094489.0
2117,2,0.82,10,3,4683969.0
2020,1,1.37,28,1,5949793.0
8392,3,0.99,18,1,16933175.0
2083,4,1.36,20,3,7964861.0
7204,1,1.0,22,2,17013316.0
8488,2,0.94,30,3,21158281.0
7083,4,1.48,35,2,24751706.0
2075,1,1.05,27,1,4728697.0
7435,1,1.22,32,3,23879846.0
6676,4,1.23,25,3,21782054.0
9738,1,1.19,27,1,23416838.0
3113,2,1.44,10,1,9293313.0
4392,3,1.27,24,2,13027195.999999998
9153,3,1.08,12,1,20057930.0
7233,4,1.4,8,1,20333519.0
4931,3,0.93,18,3,12066509.0
8612,1,1.18,19,2,23600103.0
1881,1,1.47,21,1,5662216.0
9837,2,1.24,18,3,32101794.0
4015,3,1.37,7,1,11315004.0
4954,4,1.26,19,1,12897216.0
8269,1,1.39,25,1,23176894.0
6989,4,1.46,12,1,20909591.0
8884,1,0.99,10,2,20414089.0
4034,1,0.92,19,3,9951110.0
1255,2,1.14,14,3,3931630.9999999995
3025,3,1.29,15,1,7934238.0
1327,2,0.96,12,3,3580625.0
9581,3,0.8,33,1,15918665.0
5248,4,1.04,19,3,14765184.0
2833,3,1.48,30,2,10149881.0
5446,4,1.29,19,2,16409349.999999998
8802,1,1.08,30,3,25151741.0
8546,4,0.93,33,1,16321232.0
9484,4,1.05,7,1,20007885.0
7681,1,0.92,22,1,14426813.0
3914,4,0.87,32,1,7166654.0
6957,4,1.43,25,2,23446718.0
7249,1,1.5,9,1,21819706.0
796,1,0.91,18,1,1522689.0
1068,1,0.84,23,1,1874333.0
5783,3,1.03,8,1,11971350.0
8164,1,1.12,24,2,21140214.0
8011,1,0.94,10,3,19765976.0
5965,4,1.01,6,3,15967797.0
8763,2,0.94,14,1,16763145.999999998
4882,2,1.34,29,1,13552376.0
565,3,1.3,13,3,2233317.0
1379,3,1.24,8,2,3981841.9999999995
8759,2,1.07,7,2,21745028.0
9908,2,1.44,6,2,33076564.999999996
7722,1,1.48,17,2,26606934.999999996
5569,4,0.92,27,2,12245161.0
3739,1,0.96,18,2,8636561.0
1007,3,1.17,15,2,3128524.0
8204,2,0.86,22,2,16495521.999999998
1625,3,1.11,35,2,4788261.0
1385,1,1.21,16,1,3681868.0
3341,3,1.17,10,2,9211389.999999998
8475,3,1.03,30,1,17996851.0
7065,4,1.18,32,3,22044774.0
6583,3,1.47,14,1,19680549.0
5370,1,0.94,18,3,13322662.0
3025,4,1.26,33,1,8001960.0
9617,3,0.83,25,3,21276892.0
4715,1,0.85,28,1,8242655.0
2438,2,1.19,35,1,6309531.0
3732,4,0.87,16,3,8746259.0
4244,3,0.82,28,2,8378321.0
6721,3,0.92,9,2,14482637.999999998
3965,4,1.2,26,2,11361273.0
940,1,1.29,16,2,2907162.0
961,3,0.94,14,2,2266814.0
9303,1,1.27,12,1,23934470.0
5913,4,0.93,21,2,13150018.999999998
6255,3,1.23,28,1,15659817.0
5512,2,1.09,31,3,16081722.0
3663,2,1.26,28,2,10979685.0
7252,2,1.5,30,2,25473454.999999996
505,4,1.46,10,2,1925071.9999999998
5276,3,0.8,11,2,9961683.0
7538,4,1.42,24,1,21693904.0
6914,3,0.85,6,1,11905921.0
6239,2,1.47,32,1,18897125.0
4470,2,1.0,21,3,11970374.0
3106,1,1.07,33,1,6948694.0
598,4,0.86,23,2,1810715.0
1025,4,0.88,29,3,2895803.0
6837,1,1.31,18,3,23407460.0
1680,2,1.46,6,2,5804966.0
8567,2,1.23,15,2,24617158.999999996
9830,4,1.3,12,2,29795275.999999996
4991,3,1.33,10,2,15538949.999999998
6422,2,0.98,18,1,12733016.0
3571,1,0.83,27,3,8067503.0
6141,1,0.8,21,2,11560647.0
7881,1,1.05,29,1,16795135.0
3292,4,0.97,25,2,7870345.999999999
5278,4,0.84,27,1,9427171.0
514,4,0.93,19,2,1537379.0
2915,4,0.89,16,2,6492144.0
3185,1,1.44,24,2,10927029.0
9928,1,0.9,28,1,18182013.0
8659,4,1.18,7,2,23594872.0
8426,4,1.22,33,1,21141171.0
4600,1,1.18,13,1,10839514.0
6874,4,0.87,18,3,15753826.0
6504,4,1.02,12,1,13677863.0
6021,4,0.84,17,1,10648647.0
7655,4,1.08,33,1,16924007.0
3797,2,0.93,13,1,7108805.0
3133,4,1.19,21,1,7815929.0
4390,1,1.28,23,3,15083529.0
1291,1,1.17,24,2,3588961.9999999995
9691,1,1.1,33,3,28270165.0
651,1,1.07,9,3,1980987.0
3563,4,1.39,33,2,11779219.0
6867,2,0.95,30,1,13619959.0
8404,3,1.31,33,2,25790337.999999996
2591,3,1.33,17,1,7265327.0
5099,3,1.09,21,2,13139694.999999998
7908,3,1.01,26,3,21310583.0
3477,1,1.13,27,1,8345420.999999999
1342,4,0.87,22,3,3604721.0
4293,4,0.83,9,1,7275976.0
2159,3,0.88,35,2,5064745.0
9289,3,0.93,25,2,20089599.0
5662,2,1.15,31,2,15248149.999999996
6946,2,1.39,29,2,22647256.0
4770,2,0.96,29,2,11065033.0
4103,1,1.45,31,3,15689153.0
7264,4,1.47,27,3,28375321.0
1716,1,1.47,29,1,5541948.0
2791,1,1.39,14,3,10365548.0
4311,4,1.05,10,1,9529326.0
5493,2,0.85,22,1,9531081.0
5642,4,1.2,22,3,18064831.0
7362,3,1.19,7,3,23001238.0
9623,2,1.39,7,1,27049656.999999996
7033,4,1.5,26,3,27927900.0
8026,1,1.16,28,3,24496357.0
3478,4,1.04,12,3,9757663.0
5847,2,0.93,9,2,12527808.999999998
8433,3,0.8,18,2,15875626.999999998
5095,1,1.16,25,1,12046683.0
6711,3,1.19,35,3,21351072.0
2670,3,1.38,35,1,7827088.999999999
9027,1,1.15,16,3,27011285.0
9868,4,1.44,31,2,33063471.999999996
3521,4,1.24,8,3,11821909.0
9470,3,1.39,32,3,34878156.0
8336,4,0.9,7,3,19974171.0
1685,2,1.4,21,2,5928538.0
3785,3,1.27,8,2,11382291.0
3947,3,0.92,29,2,8693025.0
4491,3,0.93,20,1,8863262.0
9630,2,1.45,22,3,36527080.0
5399,3,0.82,21,2,10731310.0
2435,4,1.12,25,1,5742858.000000001
9325,4,1.02,12,2,22100572.0
9945,4,1.27,21,3,33146928.0
9774,4,1.39,10,1,27668075.999999996
1785,3,1.05,7,2,4441976.0
9045,2,1.1,6,2,22992305.0
7979,1,1.49,27,1,24046210.0
5755,4,1.35,34,1,16085732.000000002
2385,1,1.43,18,1,7200252.0
5562,1,1.11,21,1,12560575.000000002
7566,3,0.96,10,1,14850241.0
3522,4,1.09,8,2,9254829.0
5765,4,1.3,32,1,15500595.0
2047,4,0.88,32,1,4047123.0
4704,1,0.99,20,3,12304038.0
8090,4,0.83,21,2,15973440.999999998
1868,4,1.1,16,3,5652852.000000001
2257,2,1.38,30,2,7431356.999999998
5417,3,0.82,24,2,10759337.0
3984,4,1.27,23,2,11992030.0
3552,4,1.45,26,1,10926373.0
8882,3,0.97,14,3,22751041.0
1432,3,1.29,13,2,4567720.0
4737,1,1.48,27,2,16407869.999999998
7740,1,1.47,24,2,26392932.999999996
3738,1,0.96,27,3,9843096.0
1065,3,0.87,10,2,2513479.0
5878,2,0.9,22,3,14221957.0
6058,4,1.29,10,3,20711004.0
9826,3,1.31,19,1,26169402.0
1243,2,1.27,12,2,3863447.9999999995
9364,3,1.04,14,2,22759860.0
9222,2,0.92,33,3,22529149.0
5909,3,1.21,22,3,18906218.0
9253,3,1.14,8,1,21432803.0
6129,2,1.31,13,2,18847448.0
6818,2,1.11,27,3,20105060.000000004
801,2,1.04,18,2,2208186.0
4267,2,1.01,21,2,10289697.0
4780,2,0.95,26,2,10630273.0
8006,2,0.99,34,3,20949570.0
9201,2,0.87,15,2,18621246.0
7462,2,1.04,23,3,20613782.0
5929,3,0.83,8,1,10132165.0
7748,2,0.93,17,1,14793380.0
3945,2,1.32,21,3,14010763.0
2703,3,1.03,23,2,6859613.999999999
3334,3,1.27,22,1,8994810.0
9486,1,1.3,12,1,24857424.0
2979,1,1.21,35,3,9665130.0
5356,2,1.47,24,3,20620237.0
934,2,0.82,28,3,2267473.0
2206,1,1.32,33,3,7853748.0
8760,1,1.47,28,3,33727071.0
6225,4,1.4,13,3,23018167.0
2404,4,0.92,22,3,6227295.0
7518,2,1.03,26,2,18211816.0
4459,4,0.92,31,2,9954220.0
7325,1,1.22,30,2,21039058.0
6847,2,1.3,33,2,20884807.0
6656,3,1.02,32,1,13850660.0
3213,3,1.18,12,2,9136674.0
6694,1,1.28,6,1,17136537.0
7012,4,1.09,13,1,15443888.000000002
7367,3,1.4,24,1,20942426.0
4227,4,1.34,34,3,15124726.0
4046,3,0.85,25,1,7447060.0
2803,4,1.23,25,1,7325541.0
4181,3,0.96,15,1,8355196.0
8352,3,1.19,35,3,26402768.0
3721,2,1.47,17,2,12866029.999999998
4874,2,1.42,29,2,16336620.999999998
1582,1,1.08,6,1,3666256.0
9137,3,1.0,29,1,18875403.0
2092,4,0.96,30,2,5297465.0
6108,3,1.17,30,2,17049054.0
6026,4,0.88,26,2,12671144.999999998
5679,4,1.18,9,2,15646552.999999998
6972,3,0.8,9,1,11443622.0
3275,4,1.03,14,1,6984177.0
2090,1,0.95,20,1,4081049.0
6504,2,1.48,29,2,22509124.0
7730,4,1.31,31,3,26678593.0
2731,3,1.04,20,2,6948979.999999999
5618,2,0.86,31,2,11602133.0
6954,1,1.16,33,3,21510539.0
8460,4,0.95,12,3,21285475.0
2061,4,1.18,17,2,5806936.0
4146,2,1.38,8,3,15074413.0
8096,4,1.23,25,3,26303016.0
7740,3,1.24,14,3,25130841.0
5442,2,1.18,19,2,14913028.999999998
3738,2,1.45,18,2,12625449.999999998
2100,4,1.45,29,3,8446056.0
6200,1,1.16,33,1,14715713.999999998
6571,1,1.01,17,3,17476425.0
1209,1,1.12,6,3,3443259.000000001
3471,1,0.93,24,2,7647205.999999999
1293,2,1.25,35,1,3751562.0
3599,2,1.15,21,3,11156161.0
6530,4,0.87,17,1,11760216.0
6265,1,0.94,15,2,13751731.999999998
526,1,1.14,7,1,1406459.0
7193,4,1.42,23,2,24073834.0
5822,4,1.2,18,3,18421389.0
8776,4,1.28,34,2,26552736.999999996
6451,3,1.04,29,1,14008372.0
3601,4,1.2,11,1,8774611.0
7109,4,1.11,17,1,15978846.000000002
9814,3,1.26,33,3,32667676.0
5809,1,0.84,33,1,9946464.0
511,2,1.15,34,1,1746181.0
8270,1,1.01,27,1,17157832.0
5913,2,1.03,9,2,14322586.999999998
6274,2,1.47,6,1,18513439.0
679,4,0.93,16,2,1884852.0
1296,4,1.02,28,1,2951448.0
7779,3,1.16,13,2,21185050.0
7688,1,1.4,7,2,25053712.999999996
7812,1,1.09,7,3,22230569.0
2524,2,1.32,21,3,9052519.0
8166,4,1.4,6,2,26641920.999999996
3717,4,1.02,9,2,8895136.0
7084,1,1.07,11,3,19697472.0
9578,3,1.05,35,2,23600530.0
5785,4,1.38,26,3,21060801.0
7870,3,0.83,25,3,17466982.0
2019,1,1.02,19,1,4163456.0
7111,1,1.28,25,1,18659835.0
7356,3,1.2,31,3,23245355.0
2932,4,1.11,20,3,8788241.000000002
6957,1,1.18,12,2,19171985.0
5366,2,0.94,12,3,13346835.0
5554,1,1.1,23,3,16114719.000000004
9608,4,1.15,34,1,22450217.0
2570,2,1.43,28,3,10052662.0
2281,1,0.98,7,2,5255028.0
9030,4,1.41,25,3,33485220.0
2016,4,1.25,20,1,5362475.0
5991,1,0.81,6,1,9838798.0
9606,4,1.31,26,1,25492919.0
6449,3,0.82,22,1,11073452.0
3790,2,1.5,25,3,14988782.0
5070,3,1.41,34,2,16812769.0
1879,1,1.01,30,2,4576516.0
8170,3,0.98,18,2,18749815.0
1300,1,1.07,17,3,3652891.0
9938,1,1.05,29,3,27641829.0
5767,4,1.06,27,3,16385899.0
3995,4,1.02,20,2,9659327.0
3757,1,1.23,29,3,12507281.0
7058,2,0.91,10,3,17048526.0
1481,2,1.39,12,1,4231715.0
2588,2,1.37,13,1,7384837.000000001
3452,3,1.13,28,2,9461536.999999998
9703,1,1.4,19,1,27216977.0
2626,4,0.97,9,1,5214388.0
5312,3,0.81,26,1,9051579.0
8563,3,1.23,34,3,27752174.0
4361,4,1.12,19,1,10226001.0
6403,1,1.2,15,1,15689522.0
3091,3,1.43,27,1,9407466.0
9857,1,1.48,35,3,38488686.0
3822,1,1.24,35,2,11257825.0
6937,1,1.33,33,3,24348258.0
9301,4,0.86,21,3,21116693.0
3361,1,0.91,16,1,6336022.0
2155,3,1.31,27,2,7042193.999999999
2255,4,1.1,34,1,5394075.0
8737,4,1.11,30,1,19885459.0
9951,3,1.02,31,2,23795093.0
6727,4,1.23,19,2,19242312.0
5138,3,0.93,19,3,12917110.0
3067,2,1.24,7,2,8909619.0
3623,3,0.92,27,3,9194367.0
5664,4,0.84,18,3,12552215.0
7581,3,1.03,8,1,15753475.0
5407,2,0.96,35,1,10635297.0
5462,1,1.42,23,1,15782171.0
7650,1,0.84,27,2,14991231.999999998
2266,1,0.92,9,2,4954935.0
4049,4,1.18,26,3,12763309.0
2809,2,1.14,26,3,8760755.0
2476,3,0.83,24,3,5698791.0
7680,3,0.81,21,2,14513890.999999998
2990,3,1.49,33,3,12250226.0
9417,3,1.26,9,3,30942785.0
4881,4,1.06,24,2,12247820.0
6487,4,1.13,28,1,15271915.999999998
7925,2,0.99,20,2,18488288.0
4119,3,1.04,6,3,11439676.0
6560,1,1.25,21,1,16594966.0
9189,4,1.42,20,2,30589829.999999996
4476,2,0.93,21,1,8802035.0
1204,2,1.39,27,1,3691423.9999999995
5952,4,0.89,25,3,14076142.0
6594,1,0.95,6,2,14387706.999999998
4181,1,0.83,22,3,9156460.0
4638,3,0.9,10,2,9871915.0
2416,4,1.44,35,2,8609913.0
8001,1,1.12,10,2,20820544.0
2345,4,0.85,31,1,4459880.0
5154,2,1.47,12,1,15547988.0
6913,2,1.42,18,3,25893273.0
8611,2,1.33,17,2,26797553.999999996
8490,4,1.45,9,2,28501479.999999996
3590,3,0.95,35,1,7160288.0
1870,3,1.39,30,2,6569122.0
2428,1,1.28,9,3,8229263.0
2136,4,1.41,28,2,7322831.999999999
6680,3,1.36,26,2,21281379.0
8783,4,1.04,26,1,18822959.0
2343,3,1.34,11,2,7290040.999999999
8876,2,0.98,29,3,23149850.0
1331,2,1.03,20,3,4036297.0
6038,1,0.88,26,3,14259542.0
5815,2,1.45,24,3,22420667.0
8955,3,1.0,11,1,18343486.0
5827,1,1.16,35,2,15942805.999999996
1786,1,1.07,17,1,3855845.0
2029,2,1.47,19,3,8061044.0
7155,4,1.03,23,2,17234911.0
2377,2,1.34,33,1,6734303.0
5931,2,1.4,17,2,19532756.999999996
9889,1,1.1,29,3,28722059.0
2978,2,1.06,29,3,8574181.0
600,3,1.32,20,2,2344159.0
3587,1,1.44,24,2,12124364.0
6328,2,1.33,33,3,22118058.0
7925,4,0.96,13,1,15388680.0
2791,3,1.42,14,3,10523174.0
5967,4,1.07,10,2,14788185.999999998
8796,3,1.2,10,1,21313234.0
1193,4,1.38,11,3,4758536.0
6286,2,0.93,28,2,13964390.999999998
5906,3,1.35,8,2,18736309.0
3991,1,1.22,10,2,11308158.0
3892,1,1.43,6,1,11430030.0
2768,4,0.92,16,1,5607938.0
6132,4,1.09,31,1,13759104.000000002
4283,4,1.38,26,1,12271942.0
9581,3,0.81,25,2,18405326.0
6473,1,0.88,6,2,13023160.999999998
6469,2,1.49,12,1,19446388.0
9481,3,1.0,20,1,19351432.0
5148,4,1.48,22,2,17874098.0
5439,1,0.93,34,3,13524031.0
9350,4,1.05,13,3,25714651.0
8524,2,1.33,35,2,26409576.999999996
8357,2,1.26,31,1,21463720.0
1518,1,1.21,33,1,4037120.0
2453,3,1.17,7,2,6677654.999999999
9882,2,1.39,31,3,36305539.0
4157,2,0.96,18,2,9325189.0
5346,2,1.11,17,2,14093941.000000002
2796,2,0.91,10,2,5923917.0
1274,4,1.22,18,1,3372799.0
3311,4,0.98,11,1,6701071.0
3682,3,1.03,30,1,7892862.0
8367,1,1.13,20,3,24641521.0
4829,1,0.82,35,2,9589602.999999998
6667,1,0.86,28,2,13415280.999999998
3597,2,1.28,27,3,12254994.0
1904,4,1.1,26,1,4615726.0
5601,4,1.41,27,2,18785273.0
1869,3,1.29,35,3,6857648.0
5997,1,0.81,16,1,10112948.0
7165,4,1.23,9,1,17829074.0
2564,3,0.87,6,2,5467454.0
3265,1,1.35,20,1,9227102.0
3317,2,1.49,17,3,13132695.0
8291,4,1.17,14,1,19931768.0
1216,4,1.28,16,2,4041982.9999999995
4540,1,0.97,10,3,11432664.0
2211,2,1.11,29,1,5138285.0
9917,2,1.4,12,1,28146825.0
5867,4,0.92,13,1,11266125.0
6761,1,0.99,6,3,17586612.0
508,3,1.11,30,1,1395590.0
9289,4,1.3,6,2,27876534.999999996
4618,2,1.06,8,3,12915775.0
6586,3,1.45,13,3,24986575.0
6883,1,0.87,33,1,12264459.0
4167,2,1.06,16,3,11798283.0
2746,3,1.3,6,2,8267945.0
4126,4,0.96,19,3,10745735.0
3322,2,1.26,6,2,9825995.0
8783,1,0.91,11,1,16200576.0
1350,2,0.84,26,3,3375935.0
1607,4,0.88,32,2,3766107.9999999995
799,1,1.45,11,1,2292191.0
8602,4,1.19,8,2,23916055.0
5900,3,1.36,15,3,21337812.000000004
1582,2,1.03,17,3,4562261.0
8667,4,1.21,15,2,24590757.999999996
3300,3,1.15,27,1,8146643.999999999
4451,1,1.46,7,1,13088674.0
9467,1,1.32,29,1,25507804.0
7268,3,1.31,33,1,19611272.0
1952,3,0.83,27,2,4132272.9999999995
2181,1,1.18,18,3,6892585.0
2803,4,1.13,21,2,7702975.999999998
7657,3,1.45,18,3,29122291.0
2351,4,0.98,9,3,6302637.0
2397,1,0.99,9,2,5688398.0
6325,4,1.09,35,2,16572426.0
9306,4,0.97,16,1,18229070.0
744,3,0.89,28,3,2203323.0
9448,4,1.4,19,1,26784505.0
9515,4,1.19,8,1,22876690.0
4307,4,1.4,32,2,14468939.999999998
3279,1,1.38,24,1,9319634.0
2346,1,1.0,27,1,5007425.0
7521,2,1.18,30,1,18333650.0
9932,1,0.86,6,2,19586684.0
973,1,1.44,10,1,3069518.0
4631,2,1.08,22,1,10437761.0
2292,2,1.08,6,2,5951560.0
2234,3,1.01,24,2,5578918.0
7715,3,1.12,24,2,20376090.0
7729,1,0.98,9,3,19766159.0
5688,4,1.06,24,2,14271039.999999998
5781,3,1.36,11,3,20569440.000000004
6358,3,1.38,33,2,20827585.0
1444,1,1.01,20,2,3575914.9999999995
2011,4,1.13,9,2,5673280.0
4581,2,1.41,29,3,17105570.0
6618,2,0.84,6,1,11358262.0
1358,1,1.42,29,2,4827594.0
4060,1,0.95,32,3,10521034.0
8921,4,1.27,22,2,26356078.999999996
8869,1,1.21,16,1,21660412.0
3115,1,1.19,22,3,9816294.0
2113,1,1.4,28,2,7327282.999999999
3340,4,0.87,6,2,6744422.999999999
2274,1,1.04,14,2,5612044.0
4371,3,1.18,19,1,10721015.0
8773,4,1.37,20,3,31734705.000000007
1345,3,0.95,29,2,3235934.0
9908,4,1.36,34,2,31655722.000000004
3760,3,1.08,6,3,10674972.000000002
3645,4,0.93,7,1,7174077.0
8302,2,1.33,23,1,22441147.0
2763,1,0.86,23,1,5009644.0
9136,1,1.16,11,1,21507132.0
8655,4,0.84,25,1,14979248.0
1422,3,1.05,13,2,3729777.9999999995
7195,2,1.22,6,2,20351628.0
4788,3,1.19,20,2,13306343.999999998
6258,1,1.08,15,3,17866324.0
8631,1,1.1,35,1,19315758.0
3130,3,0.96,9,3,8192879.0
8316,4,1.12,15,1,18930689.0
9859,4,1.47,16,1,29534930.0
8056,3,1.4,10,3,29495761.0
6430,1,0.9,14,2,13513729.999999998
7500,3,0.82,10,3,16133481.0
4012,1,1.45,34,2,13729879.999999998
6566,3,1.17,16,1,15871674.999999998
9587,4,1.18,8,2,26174135.999999996
4222,2,1.35,32,1,11666273.0
6148,1,1.02,9,1,12612161.0
2560,2,1.14,15,2,6973062.999999998
3534,4,1.48,12,1,10937456.0
2887,3,1.27,6,2,8490599.0
7508,4,0.91,32,3,18352193.0
8531,2,0.89,11,1,15294512.0
2299,4,0.94,13,1,4534565.0
4907,4,1.34,22,3,17645995.0
3280,3,1.01,29,1,7015602.0
1627,2,0.81,12,3,3496449.0
9030,2,1.46,6,3,34338667.0
7865,2,0.92,14,1,14901959.0
8111,1,0.81,16,3,17188849.0
8035,4,0.97,24,3,20535958.0
9864,2,0.96,7,3,24960722.0
3308,4,1.1,28,1,7666006.000000001
4797,3,1.44,16,3,18077272.0
5059,3,1.42,8,2,16687814.999999998
948,1,1.12,22,2,2789139.0
5508,1,1.09,15,3,15866266.0
5393,3,1.19,34,2,15060135.999999998
1293,2,0.97,8,1,2775271.0
936,3,0.84,27,3,2493992.0
6512,4,1.46,8,1,19401728.0
6369,1,0.93,26,2,13895068.999999998
2120,1,0.94,30,2,4834210.0
4808,3,1.13,12,2,12580978.999999996
1448,2,1.14,7,2,3916816.999999999
4444,2,0.81,6,1,7225277.000000001
9819,4,0.9,12,3,23368597.0
691,1,1.06,25,1,1576385.0
1903,3,1.28,16,3,6525255.0
2490,3,0.96,28,2,6022704.0
1604,1,1.1,11,2,4356261.0
1048,3,1.19,28,2,3110742.0
6261,1,1.42,9,2,20680465.0
9262,2,1.03,24,1,19483649.0
8403,2,0.89,33,3,19680784.0
2284,3,1.14,26,3,7266449.0
1304,2,1.32,24,2,4211560.0
9490,2,0.88,19,1,17118943.0
9302,4,1.1,8,2,23882560.0
8017,1,0.81,9,3,16909182.0
7331,1,0.82,13,3,15890056.0
7417,3,1.14,23,1,17450126.0
4738,1,1.01,9,3,12600723.0
3760,4,1.39,16,1,10963142.0
4867,3,1.22,21,2,14072761.999999998
6151,3,1.12,8,2,15909237.0
3871,1,1.09,12,1,8598331.0
2593,2,1.15,7,2,7050452.999999999
4501,2,0.83,6,1,7562452.0
7056,2,1.42,31,2,23358363.0
8310,2,1.5,6,2,28934023.999999996
5054,4,0.93,11,3,12672549.0
3017,3,0.88,24,3,7196904.0
9197,2,0.9,12,1,16925068.0
6305,4,1.26,29,2,18951752.0
1596,3,1.26,10,2,4780200.0
9736,1,1.39,26,2,31263002.999999993
7561,1,1.33,33,3,26505613.0
2704,4,1.11,23,1,6326473.000000001
4402,3,1.23,29,1,11187259.0
1852,2,1.28,31,1,5100639.0
2096,3,1.16,18,2,5806068.0
9267,2,1.13,6,1,20990096.999999996
7480,4,1.25,15,3,24696729.0
1179,2,1.19,14,3,3801396.0
4212,4,1.25,22,1,11076727.0
9821,3,1.23,6,2,27856664.999999996
9009,3,1.3,6,3,30541888.0
5801,2,1.25,12,3,19258291.0
6234,3,1.16,9,2,16946472.999999996
8481,2,1.28,33,2,25428008.999999996
6392,3,1.11,28,1,14458120.000000002
4196,1,0.97,26,3,10693667.0
7629,2,0.8,17,3,16044680.0
3496,4,1.19,21,1,8589416.0
7737,1,1.21,19,1,18959220.0
7827,4,1.48,28,3,30610990.0
7907,3,1.05,15,3,21932700.0
3042,1,1.08,19,2,7814450.999999999
1178,3,0.94,12,2,2873870.0
5866,2,0.85,9,3,13164688.0
6143,4,1.34,7,3,21519478.000000004
7910,3,0.97,29,2,18072836.0
6041,4,1.23,23,1,15280147.0
1334,4,1.28,21,1,3724178.0
6526,3,1.13,14,3,19324044.0
8972,2,1.41,10,3,32945456.0
8470,4,1.11,14,2,21840754.0
7318,3,1.0,30,3,19277769.0
5528,2,1.43,35,1,16421120.0
5203,3,1.4,13,2,17096058.0
9938,2,0.91,29,2,21055750.0
2272,4,0.82,25,1,4069157.0
2664,1,0.86,21,1,4853997.0
7611,3,1.0,35,2,18135411.0
8883,4,1.48,25,3,34633745.0
3335,3,1.19,35,1,8287417.0
3165,3,1.06,23,2,7898006.999999999
6613,2,1.42,9,3,24487600.0
3063,3,1.12,21,3,9222854.000000002
8998,2,1.02,9,2,21374363.0
8631,4,1.46,11,1,25472672.0
9223,3,1.39,8,3,33646701.0
3196,4,1.39,23,1,9428203.0
5187,1,1.16,20,2,14287344.999999998
7821,4,1.35,13,1,21434914.0
7513,3,0.93,23,3,18582037.0
8204,1,1.2,29,2,23108729.0
6071,2,1.49,28,3,23939709.0
7836,1,1.0,8,3,20691662.0
558,3,1.36,11,2,2116172.0
1640,3,1.14,27,2,4740052.999999999
3062,4,0.83,31,1,5729396.0
3352,2,1.33,35,2,10815031.0
7141,3,0.92,26,1,13432328.0
1441,3,1.24,34,2,4723480.0
7041,2,0.86,29,3,15950496.0
7930,2,1.46,20,1,23332102.0
1921,4,1.0,32,2,5112715.0
6265,1,0.96,17,1,12116145.0
935,2,0.89,10,1,1834686.0
1339,3,1.46,12,1,4282899.0
4501,2,1.3,27,3,15716565.0
5748,3,1.32,32,2,17791721.0
5459,4,1.15,20,2,14906107.999999996
2150,1,1.13,12,1,4921881.0
6328,4,0.88,18,2,13002737.999999998
9937,2,1.19,30,3,31118939.0
2761,3,0.97,8,1,5738888.0
9607,2,1.48,31,3,37437282.0
6394,2,1.36,28,3,23033918.0
6778,2,1.09,18,2,17400587.0
4389,2,0.91,31,2,9686781.0
7397,1,1.35,8,1,19950400.0
1826,3,0.89,34,3,4715205.0
6401,2,0.93,7,2,13917781.999999998
3858,3,0.95,33,1,7884472.0
2085,1,1.19,28,1,5097502.0
6145,3,1.35,9,2,19483612.0
888,3,1.02,22,3,2785707.0
3291,1,0.86,11,1,5816919.0
3832,2,1.13,16,2,10198405.0
1203,3,1.32,11,1,3315178.0
6334,4,0.96,27,2,14385859.999999998
3320,3,0.95,7,1,6439302.0
8553,2,1.46,22,3,32977955.0
5459,4,1.47,8,1,16309772.0
1559,2,1.49,17,2,5496276.0
9990,3,1.37,19,2,31803851.0
1801,1,0.93,7,2,3832402.9999999995
9365,2,0.95,27,3,23398669.0
8196,2,1.04,34,2,20068953.0
4799,1,1.02,33,2,11460867.0
6571,3,1.47,27,3,25678847.0
4612,2,1.35,34,2,14740230.999999998
8381,3,1.31,10,2,25388843.999999996
9708,3,0.93,15,3,23774985.0
8901,3,1.44,15,1,25767913.0
998,1,1.38,26,2,3640949.9999999995
9120,3,0.91,14,1,16689778.0
7745,3,1.41,35,3,29092889.0
2605,4,0.99,26,2,6297046.0
5827,4,0.86,18,2,11879652.0
6130,4,1.26,15,3,20422560.0
3706,2,1.26,11,2,10869092.0
7637,2,0.87,16,1,13644141.0
3069,4,1.02,9,1,6486646.0
3128,1,1.49,31,3,12666632.0
7264,1,1.27,19,2,21447551.0
1567,4,1.31,35,2,5320895.0
2006,2,0.95,22,3,5360727.0
3513,2,0.86,25,1,6333432.0
7142,1,0.99,7,1,14457650.0
4566,3,0.97,15,3,11796392.0
1447,1,0.96,8,2,3441351.9999999995
4889,3,0.93,12,1,9308839.0
8643,2,1.2,12,2,24023031.0
1671,2,1.03,6,1,3608236.0
6614,4,1.37,13,2,21343107.0
671,2,0.93,28,1,1624072.0
6182,3,1.13,6,2,16250825.999999996
9835,1,0.81,13,3,21047570.000000004
6356,4,1.14,19,1,14892190.999999998
6709,3,0.84,19,3,15139063.0
4077,1,1.48,7,1,11995691.0
8880,1,1.35,13,1,24297140.0
4576,1,1.14,24,1,10855597.0
657,2,0.86,15,2,1652524.0
8277,1,1.21,12,1,20397109.0
3217,2,1.33,18,3,11369575.0
8937,1,0.93,27,2,19337533.0
3295,1,1.2,26,2,9412330.0
7700,2,1.37,20,1,21391209.0
8028,2,1.34,16,2,25193367.999999996
2877,3,1.36,31,1,8120330.000000001
9541,1,1.42,19,3,35359112.0
2310,2,1.46,16,2,8158551.999999999
5690,3,1.08,7,2,14162648.999999998
5932,3,1.2,7,3,18555903.0
8395,2,1.35,34,3,30025792.0
2626,1,1.29,17,1,7005750.0
7453,3,1.5,20,2,25864212.999999996
3530,1,0.81,22,3,7651943.0
6823,1,1.05,19,2,16651367.999999998
6247,3,1.0,30,3,16878107.0
6105,2,0.98,21,2,13878451.999999998
6391,1,0.96,32,3,16467264.0
3576,4,1.3,13,2,10965852.0
2844,2,0.86,29,1,5389815.0
1119,3,1.32,22,2,3900302.9999999995
2907,4,1.29,10,1,7823688.0
6760,1,0.98,17,1,13588399.0
3504,2,0.98,11,1,7080296.0
4414,4,1.24,23,2,12881904.999999998
4096,2,1.33,31,2,12798059.999999998
4539,1,1.41,10,1,13029001.0
1804,2,1.4,11,3,6966638.0
6130,4,1.48,14,2,21024925.0
7782,2,1.21,20,2,21873741.0
3807,3,1.44,15,2,13019556.999999998
1861,3,1.37,22,2,6080244.0
7165,4,1.43,34,1,21115515.0
4794,2,0.81,31,3,10571610.000000002
2287,4,1.48,24,3,9251421.0
1573,2,1.13,17,3,5067084.0
9857,1,1.36,14,3,35186544.00000001
6402,3,0.89,20,1,11643532.0
4099,1,1.08,19,2,10620154.0
3555,2,0.99,6,2,8360117.999999999
6976,1,1.0,22,1,14224763.0
1159,4,0.89,6,2,2822802.0
6820,4,1.36,28,1,19058488.0
7013,2,0.81,34,3,15133189.0
5142,3,1.02,26,1,11082921.0
9821,4,0.92,27,2,21110505.0
6873,3,1.21,18,2,19361117.0
4966,2,0.98,35,2,11534232.0
6087,3,0.98,13,3,15847558.0
2971,2,1.14,35,1,7347918.999999999
9843,1,1.26,18,1,25166394.0
6675,2,0.88,21,2,13717582.999999998
8784,1,0.92,7,1,16379988.0
1781,2,0.97,18,2,4391247.0
3677,4,1.48,23,1,11343217.0
6167,4,1.08,8,3,17486230.0
5011,3,1.22,18,3,16230338.0
4381,2,0.97,24,1,8885094.0
2913,2,1.14,18,3,8940551.0
2044,2,0.85,24,3,4831355.0
5284,3,0.82,9,3,11400340.0
6261,4,1.13,24,2,16589418.999999996
8374,2,1.08,23,1,18413902.0
7461,3,0.9,30,1,13761663.0
6126,2,1.28,11,2,18061649.0
5014,1,1.5,24,2,17451431.0
1645,2,1.08,30,3,5157319.000000001
9602,1,1.24,9,1,24077560.0
5950,3,1.47,9,2,20495953.0
2066,3,1.38,29,3,7862353.0
3505,4,1.12,12,1,8125361.000000001
5007,2,1.32,12,3,17533406.0
4748,3,0.89,31,1,9049524.0
8783,4,1.16,28,3,27130806.0
4492,2,1.0,31,1,9530060.0
9022,3,0.91,21,1,16798638.0
8527,1,1.1,32,1,19252940.0
6260,3,0.89,21,1,11306677.0
9646,1,1.29,10,3,32673235.0
8545,4,1.12,20,2,22296176.0
3477,4,1.17,28,1,8620464.0
5847,2,0.9,9,1,10546418.0
4789,2,0.9,29,1,9041156.0
1029,2,1.21,30,1,2738735.0
3392,4,1.49,18,3,13625120.0
9958,1,0.87,33,2,20491156.0
7943,2,1.0,24,2,18760710.0
5234,2,1.41,12,2,17354783.0
3025,4,0.85,17,3,7227322.0
4261,1,1.41,31,2,14027843.999999998
6641,3,1.17,14,3,20318542.0
3242,2,1.09,22,3,9691210.000000002
5135,3,1.02,7,1,10818083.0
4925,3,1.01,21,3,13110127.0
9161,2,1.01,12,2,21384338.0
4330,4,1.42,34,2,14529064.999999998
7492,2,1.31,23,2,22852087.0
1033,1,1.27,12,1,2663323.0
5062,1,1.36,6,1,14065635.000000002
7620,2,0.98,8,1,14972677.0
7063,3,1.23,26,3,22824962.0
7789,1,1.12,35,2,20343211.0
4587,1,1.35,33,3,16301539.0
9453,2,1.02,35,3,25611873.0
9582,2,1.25,16,2,27640918.999999996
2855,4,1.42,27,1,8433477.0
2455,2,1.08,20,2,6253339.999999999
3471,2,0.85,34,3,8239430.0
6039,1,1.16,30,3,18417859.0
7993,1,1.04,30,1,17124438.0
2172,1,1.27,8,3,7117349.0
3336,3,1.47,35,3,13163499.0
5427,1,1.14,29,2,14733513.999999996
5439,1,1.13,18,1,12469058.999999998
4144,2,1.26,9,2,12022859.0
2797,4,0.87,28,2,5883372.0
4561,1,0.98,27,2,10758297.0
3666,4,1.44,13,3,13991419.0
683,1,1.27,27,3,2599325.0
9975,1,0.81,9,1,16376496.000000002
3346,4,0.94,23,3,8721429.0
5222,2,1.28,12,1,13528549.0
1282,1,1.34,16,2,4049065.9999999995
2007,4,1.39,34,2,7135248.999999999
6355,1,1.0,32,3,16936892.0
8038,3,1.45,9,3,30716140.0
1176,3,1.19,18,1,3176490.0
7750,3,1.29,14,3,26156468.0
8313,3,1.22,14,3,26713522.0
4590,2,0.89,28,3,11082241.0
6223,3,1.47,26,2,21330647.0
3186,4,0.89,24,3,7730108.0
8882,1,0.98,8,3,22638066.0
9534,4,1.37,30,2,30487525.000000004
9026,3,1.23,30,2,26054101.999999996
8189,2,1.39,17,2,26511876.999999996
1610,3,1.16,34,2,4600153.999999999
1078,3,1.06,16,3,3166891.0
561,2,1.45,25,3,2456705.0
886,2,0.83,16,3,2339451.0
9861,2,1.4,22,1,27758837.0
2700,2,0.96,34,2,6577309.0
2183,2,1.39,31,3,8205448.0
6821,2,0.9,26,3,16159122.0
8556,1,1.21,19,3,27342629.0
9178,3,1.42,21,2,30502733.999999996
7914,3,1.13,29,2,21075786.0
7143,2,1.32,15,2,21774428.0
9232,4,1.36,9,3,32809676.0
6131,2,1.32,15,2,18724422.0
8445,1,1.45,31,3,32208443.0
8226,4,1.11,25,1,18727062.0
5669,1,0.92,34,2,12326647.0
9930,4,0.83,17,2,19169778.0
9682,4,0.97,35,3,24951098.0
7287,2,0.9,14,2,15261648.999999998
4967,1,1.19,20,2,13893348.999999998
5732,4,0.93,14,3,14020973.0
8630,1,0.83,12,3,18902140.0
6696,2,0.83,31,3,15052977.0
4407,2,1.38,29,1,12693451.999999998
4788,2,1.21,17,3,15213956.0
7234,2,1.05,33,2,17910152.0
1580,3,1.43,25,1,5058896.0
6740,4,0.85,29,3,15532328.0
697,3,1.49,19,1,2381917.0
8314,2,1.23,27,1,20856506.0
8351,4,0.93,21,2,18131465.0
2100,4,1.28,34,1,5724373.0
7962,1,1.33,24,3,27783951.0
7366,2,1.1,28,1,16572183.000000002
4192,3,1.4,8,1,11862551.0
9375,1,0.91,16,2,19920433.0
3583,4,1.0,28,2,8900183.0
4489,3,0.87,26,3,10447990.0
832,2,0.95,25,2,2103692.0
6606,3,0.97,24,3,17044633.0
7833,3,1.44,13,3,29551725.0
7155,3,0.85,25,2,14540542.999999998
5808,1,1.1,13,1,12922100.000000002
4700,4,1.17,31,2,13124458.999999998
3221,3,1.43,8,1,9533697.0
9498,4,1.5,15,1,28769074.0
1564,1,1.33,18,3,5489536.0
9580,2,1.48,14,3,37197836.0
7320,2,1.35,11,2,23011676.0
9012,3,1.47,20,1,26905626.0
4457,1,1.3,21,2,13737118.999999998
2882,2,0.86,10,3,6739879.0
3731,1,1.08,26,1,8419497.0
7508,1,1.25,18,2,21793850.0
2000,3,1.05,24,2,5312009.0
2068,3,0.99,7,3,5486393.0
6392,1,1.2,11,3,20235454.0
3781,1,1.45,32,3,14509919.0
4589,3,0.82,6,3,10193469.0
2365,1,1.34,20,2,7469697.999999999
6100,3,1.31,20,3,20970927.0
6555,4,1.47,19,3,25356419.0
504,1,1.45,12,2,1847430.9999999998
8459,3,1.33,10,2,26303113.999999996
1668,1,1.16,25,1,3988168.9999999995
2898,3,0.94,30,2,6666064.999999999
3130,1,1.18,31,1,7853477.0
7108,2,1.34,21,3,24889599.0
847,2,1.43,22,1,2597764.0
6361,1,1.35,16,1,17450515.0
3842,2,0.94,20,3,9691397.0
7000,1,1.22,25,3,22395908.0
3074,1,1.03,21,3,8501246.0
4325,4,0.81,8,1,7137256.0
5093,4,0.94,11,2,11297097.0
5772,2,0.88,26,2,12001680.0
8744,4,1.39,28,2,28521255.999999996
648,4,0.98,18,3,1907451.0
9194,1,1.0,6,3,23833133.0
1369,3,1.47,34,2,4966682.0
4021,1,1.07,26,3,11663990.0
4371,4,0.81,19,1,7449134.000000001
1800,1,1.0,7,1,3704588.0
8095,2,0.88,7,3,18586955.0
5333,3,0.87,32,2,10978820.0
7170,4,0.85,20,2,14600424.999999998
2951,4,1.22,32,1,7561289.0
4885,1,0.93,23,3,12137660.0
9030,1,1.05,14,2,21873850.0
3324,1,1.4,31,2,10992400.0
7354,1,1.1,8,3,21053370.000000004
6464,4,1.44,9,3,24603059.0
1486,1,1.15,20,2,4333083.999999999
8671,4,1.08,10,3,24648137.0
3990,1,1.33,35,3,14392560.0
8576,3,0.85,25,3,19510127.0
4267,3,0.86,25,2,8931288.0
2506,1,1.26,10,1,6548295.0
8425,1,1.14,15,3,25167936.0
3607,2,1.35,21,2,11676864.0
4968,3,1.44,30,1,14888221.0
3830,4,1.07,17,2,9839181.0
9222,3,1.22,30,2,26497501.999999996
1423,4,1.15,35,2,4130553.999999999
6747,1,1.49,19,1,20417922.0
8932,3,1.38,27,2,28570223.999999993
2396,3,1.44,16,1,7253829.0
8383,2,0.98,33,3,21736308.0
3824,2,1.34,35,1,10882207.0
1313,3,0.99,24,2,3489665.0
5250,3,0.95,11,1,10365827.0
8118,3,1.46,15,2,27691460.999999996
1282,4,0.81,25,3,3169312.0000000005
4555,1,1.48,8,1,13675665.0
8289,2,0.9,27,3,19606454.0
8699,1,1.37,20,1,24062888.0
3639,2,0.99,16,2,8586458.0
5507,2,1.05,27,1,11814582.0
4551,2,0.95,7,3,11407837.0
8075,3,1.21,30,1,19943444.0
9209,2,1.04,29,3,25296535.0
3690,1,1.26,11,3,12121512.0
6137,2,0.81,22,2,11677150.0
1078,1,0.85,33,1,2360712.0
8638,2,0.87,23,3,19898514.0
4982,2,1.09,9,2,12849268.999999998
2365,3,1.37,28,2,7726652.000000001
5989,1,1.42,14,2,19659328.0
1876,2,0.97,15,3,5013007.0
9597,2,1.2,26,1,23265741.0
5908,1,1.34,31,3,20906749.000000004
8663,2,1.0,7,2,20115916.0
5558,4,1.09,34,3,16109017.0
9656,3,1.17,16,3,29596213.0
6783,1,0.89,16,2,14228417.999999998
2476,3,0.82,16,1,4483518.0
6943,4,0.91,6,2,14753201.999999998
5259,4,1.24,31,2,15698516.999999998
8095,4,0.85,19,3,18140864.0
5420,1,0.93,34,2,11801262.0
2387,4,1.04,35,3,7157452.0
1491,1,0.85,6,2,3034516.0
5728,1,0.93,26,2,12583905.999999998
8546,2,1.44,35,1,25006531.0
6950,1,0.81,28,2,13178362.999999998
4104,4,1.26,30,1,11022975.0
1583,1,1.07,14,2,3930590.9999999995
9126,1,1.27,29,2,26935345.999999996
520,3,1.21,6,2,1663068.0
1599,4,0.96,26,1,3450434.0
7341,1,1.39,27,3,26986735.0
3137,2,1.14,27,1,7428859.999999999
9081,1,1.38,9,2,29099040.999999993
8244,1,1.08,6,3,23130060.0
3913,3,1.49,24,2,13900912.999999998
7957,4,1.34,15,1,21720137.0
1854,4,1.48,20,1,5715625.0
6902,2,1.16,25,3,21221765.0
5021,2,1.13,9,1,11682360.999999998
5625,2,1.33,34,2,17808509.0
505,1,1.42,25,3,2036457.0
8882,1,1.47,19,2,30284514.999999996
8839,2,1.03,10,3,23932214.0
4853,4,1.36,34,3,17872120.000000004
4050,4,0.95,20,2,9325446.0
8531,2,1.18,20,1,20460138.0
4605,3,0.93,32,2,10324035.0
9802,4,1.04,30,1,20999687.0
5583,4,1.45,21,1,16794243.0
9316,2,0.9,21,2,19744565.0
2675,4,1.24,9,3,8784975.0
9770,1,1.22,30,2,27811328.999999996
9237,1,0.88,14,3,21199870.0
5724,4,1.03,6,1,11989550.0
1695,1,1.19,10,3,5464522.0
2569,3,0.93,14,2,5810370.0
3858,4,1.36,25,3,14168986.0
2938,2,1.48,10,1,8928153.0
9308,1,0.95,9,1,17884607.0
4744,3,0.93,34,3,12008059.0
3843,3,1.12,21,1,8967707.0
2311,1,1.32,7,1,6395194.0
671,3,1.0,31,3,2279969.0
4642,4,0.81,21,1,7835662.000000001
1125,3,1.18,23,3,3833443.0
6406,1,1.47,7,3,24675406.0
8483,3,1.07,21,1,18338411.0
4563,1,1.09,34,3,13227348.0
9144,1,1.48,6,1,27229526.0
8642,3,1.29,21,1,22589081.0
1253,1,1.3,8,1,3278521.0
7351,1,1.19,20,2,20196821.0
5604,2,1.48,35,1,17035365.0
7843,4,1.28,16,3,26433697.0
7426,1,1.43,15,3,27826997.0
7327,4,1.29,22,3,25047865.0
9917,2,1.31,9,2,30261390.999999996
8859,2,1.0,22,2,20533917.0
4185,2,1.01,9,3,11110877.0
8777,2,1.35,24,3,31146689.0
2482,4,1.01,30,2,6101875.0
5444,3,1.19,6,3,16972639.0
8392,3,0.97,19,1,16615029.0
8691,4,1.37,29,1,24269901.0
9133,1,0.88,16,3,21195732.0
8962,4,1.38,30,1,25059817.999999996
843,1,1.22,33,3,3135777.0
9898,1,0.93,12,2,21320918.0
3581,3,1.18,22,3,11479057.0
7137,2,1.0,9,2,16728548.999999998
9949,3,1.03,15,1,20890640.0
2791,3,1.05,22,1,6113276.0
2032,4,0.84,9,1,3704393.0
4862,4,1.49,24,3,19458176.0
2153,1,0.82,23,2,4237570.0
5488,4,1.26,22,2,16327572.999999998
6844,1,1.06,11,1,14472934.0
8930,1,1.25,33,1,22807572.0
9606,2,1.05,12,2,23348304.0
1938,2,1.27,11,3,6584897.0
3516,3,1.31,30,1,9819443.0
8666,2,1.28,17,3,28975803.0
6889,1,0.88,14,1,12307831.0
6477,4,1.26,23,1,16598297.0
3579,2,1.0,7,3,9388835.0
6795,2,0.82,30,3,14792806.0
2758,2,1.09,22,3,8190731.0
9058,2,1.1,26,3,26348335.0
3491,1,1.13,6,2,9095803.999999998
4241,1,1.29,28,2,13029668.999999998
585,3,1.02,14,1,1449392.0
2993,4,1.02,11,1,6224458.0
6947,3,0.84,35,1,12306528.0
8823,3,1.28,7,2,26319287.999999996
8088,2,1.2,11,3,25615104.0
1403,4,1.04,14,1,3325858.0
5583,2,1.29,8,2,16603786.999999998
9913,1,1.18,21,1,23520704.0
6690,3,1.13,30,2,17688283.999999996
3304,4,1.16,29,3,10522630.0
1726,1,1.25,20,2,5371760.0
1784,3,1.26,34,3,6367534.0
1189,4,1.0,17,1,2587214.0
5643,3,0.9,28,3,13527804.0
5282,4,0.91,13,2,11434438.0
5381,3,1.25,31,1,14072877.0
5007,2,1.41,11,1,14318805.0
2496,3,1.09,8,2,6443766.999999999
4881,3,0.92,28,3,12189361.0
8180,4,1.33,9,2,25317799.999999996
9801,4,1.38,32,3,35529014.0
929,2,1.42,15,3,3568905.0
6200,4,1.22,19,1,15475938.0
4281,3,1.4,26,3,15818615.0
9294,4,0.81,29,1,15547775.000000002
9131,4,0.88,20,2,18700518.0
9676,4,0.86,12,2,19579723.0
5968,2,1.3,12,1,15881085.0
5007,2,0.85,13,1,8557584.0
1027,1,1.15,15,3,3094732.0
3496,2,1.13,24,1,8132510.999999999
3967,2,1.02,24,2,9839430.0
1861,2,1.41,7,1,5224329.0
7317,3,0.92,20,1,13960099.0
1203,1,1.05,6,1,2766770.0
1162,3,1.34,15,3,4156234.0
9056,2,0.82,11,1,15005046.0
9614,2,1.27,27,3,32066193.0
6756,1,1.37,18,3,24216712.0
8867,1,1.45,15,1,25849426.0
5797,4,1.41,17,3,21674618.0
9627,2,1.02,29,1,19976242.0
9073,2,1.21,35,2,25606143.999999996
5878,3,0.85,11,2,11829203.0
805,4,0.98,11,3,2167648.0
5997,2,0.87,6,2,12049056.0
5197,3,1.02,17,1,10928921.0
2890,1,1.41,28,3,10822215.0
7722,3,1.04,28,1,16422207.0
8433,2,1.19,15,3,26534665.0
1965,3,1.1,30,3,5980548.0
8352,3,1.12,19,3,24485544.0
902,4,1.48,20,3,3963972.0
7440,4,1.01,33,2,17632854.0
3170,1,1.24,28,2,9502347.0
8595,4,1.09,29,2,22150364.0
8868,3,0.84,9,3,19657684.0
5044,4,1.14,30,2,13803768.999999996
9434,2,1.37,35,3,34017174.00000001
6160,3,0.87,6,2,12564085.999999998
6574,3,0.85,13,3,14756405.0
2848,3,0.91,8,2,6346558.0
7350,2,1.34,19,2,23004594.0
4902,3,1.31,22,2,15255088.999999998
1250,4,1.2,7,3,4366075.0
9560,2,1.13,20,3,28489263.999999996
4562,3,1.42,11,2,15319027.999999998
7934,4,1.34,10,3,28063527.0
8905,4,1.37,19,1,24703527.000000004
2117,1,1.37,24,2,6795485.999999999
3030,4,1.25,14,2,8936871.0
3833,4,1.12,13,1,8817192.0
7734,1,1.41,34,3,28584548.0
6268,1,1.45,8,3,23882883.0
8207,2,0.82,23,3,17782714.0
1011,4,0.84,13,2,2164239.0
5582,2,1.47,21,2,19356447.0
7360,2,0.99,35,2,17276138.0
752,3,1.41,20,2,2947342.0
4633,2,1.07,26,2,11803557.0
9320,2,0.88,20,3,21705350.0
3976,2,0.86,21,1,7022930.0
9678,2,0.91,30,3,23216872.0
2225,1,0.97,6,3,5737081.0
2593,4,1.14,15,2,6997237.999999998
2201,3,1.29,24,1,5930052.0
8996,1,1.49,10,1,27001826.0
6334,3,1.11,23,3,18530828.000000004
4840,3,1.16,8,1,11610007.0
3307,1,1.17,9,3,10307373.0
6801,2,1.18,9,3,20877955.0
8072,1,1.16,16,3,24391745.0
1524,3,0.81,14,3,3375471.0
3475,3,0.8,6,2,6676017.999999999
9198,2,0.87,33,1,16551486.0
5356,1,0.87,30,2,10921304.0
7224,4,1.29,21,2,21647216.0
9745,3,0.94,14,2,21254677.0
3067,1,1.43,16,3,11518288.0
5087,2,1.45,11,3,19418384.0
5422,2,1.48,32,2,18704034.0
5546,4,1.46,22,2,19221611.0
3394,3,0.99,32,1,7090924.0
7703,4,1.16,34,2,21216244.0
7978,4,0.92,17,3,19570706.0
5774,4,1.36,27,2,18504490.0
9792,4,1.42,13,1,28075582.0
4113,2,1.4,21,1,11652120.0
538,3,1.1,10,2,1716307.0
3584,4,1.33,26,1,9860522.0
6765,3,0.87,6,1,11796150.0
7098,2,0.83,22,3,15812981.0
2915,2,1.33,29,1,8126287.0
1258,1,1.1,34,1,3271908.0
4842,1,1.5,26,2,16943370.0
7566,3,0.87,13,3,17486570.0
3616,1,1.4,15,1,10271512.0
1264,4,1.14,23,2,3558491.999999999
4529,3,1.38,20,2,14585571.999999996
6945,2,1.37,25,2,22430334.0
7943,2,1.44,18,2,26415792.999999996
1817,4,1.01,32,2,4662758.0
1200,1,1.46,35,2,4490679.0
8027,3,0.91,15,1,15089531.0
4883,3,0.86,14,3,11329432.0
2093,4,1.1,18,3,6512730.0
4645,1,1.38,8,2,14941439.999999996
9922,3,1.13,27,2,26221925.999999993
7207,4,1.38,32,3,26431255.0
7497,3,1.31,28,1,20238626.0
7526,2,0.95,8,2,16432892.999999998
3112,3,1.46,6,3,12123353.0
7899,3,0.84,7,3,17425092.0
2408,3,1.43,16,2,8318619.999999999
7454,1,1.01,19,3,19937777.0
2290,1,1.15,15,1,5627744.0
8668,4,1.1,12,3,24998873.0
3428,1,0.92,28,2,7761565.999999999
9780,3,1.05,33,2,23927641.0
8181,3,0.94,6,3,20304470.0
5751,1,0.94,31,3,14385089.0
4627,1,0.93,12,2,10250707.0
5463,3,1.14,20,1,12664059.999999998
5811,3,1.36,31,3,20890111.000000004
9857,2,1.2,16,1,23883635.0
9292,4,1.43,11,1,27029277.0
2525,1,1.25,32,2,7606126.999999999
8315,4,1.28,27,2,24868371.999999996
1487,3,1.27,12,2,4550992.0
5810,4,1.11,12,1,13138398.000000002
2465,1,1.28,6,2,7200447.999999999
7816,1,0.85,15,2,15432810.999999998
1368,4,1.4,26,1,4259339.0
2563,1,1.34,20,1,7128016.0
1629,2,0.97,35,1,3512590.0
4878,3,1.34,35,1,13549127.0
5654,3,0.81,13,3,12254525.0
6756,1,0.95,29,2,15154429.999999998
6951,3,0.85,24,3,15634736.0
2434,2,1.35,8,1,6557105.0
1576,1,1.33,28,1,4645580.0
5700,2,1.37,20,1,15959290.000000002
2139,2,0.8,9,1,3812290.0
6885,3,1.15,11,1,16068902.999999998
8722,3,1.29,30,2,26218707.999999996
8496,4,0.91,15,3,20397924.0
1203,2,1.25,23,3,4187039.0
9560,3,0.86,21,2,19180725.0
5980,2,0.93,23,2,13179773.999999998
8924,4,1.13,11,2,23652800.999999993
8277,2,1.26,24,3,27628503.0
5862,1,0.9,22,3,13801067.0
1450,4,0.93,23,1,2976915.0
8750,4,0.94,35,3,21748543.0
3318,2,0.97,18,3,8738084.0
4100,2,0.96,12,2,9262113.0
8993,3,1.08,25,3,25592560.0
8345,1,1.26,17,1,21420962.0
3444,4,1.11,7,3,10047843.000000002
6755,4,1.34,32,2,21309809.0
8080,4,1.3,17,2,24359940.999999996
9008,3,0.89,17,1,16355327.0
5764,1,0.83,29,1,9834317.0
8018,4,1.41,9,3,29558615.0
8622,4,0.86,9,1,15169623.0
1678,3,0.9,23,1,3575916.0
4355,2,0.82,21,2,8655415.0
9023,4,1.24,19,2,25992772.999999996
6537,1,1.21,22,3,20638945.0
1027,1,1.49,22,3,4185261.0
2559,1,1.42,8,3,9619037.0
9790,1,1.09,11,3,28023399.0
711,3,1.06,28,2,2154924.0
2214,4,1.01,18,3,6285163.0
3188,3,0.91,14,3,7901068.0
3766,1,0.9,26,1,7206429.0
5649,1,0.89,14,3,13195265.0
9724,1,0.88,13,1,17256906.0
1832,3,0.97,22,2,4323613.0
7320,1,1.01,21,3,19511123.0
6391,4,1.47,21,1,19297095.0
5186,1,1.2,32,3,16736579.0
4591,4,1.49,33,1,14218913.0
943,4,1.06,24,3,3057010.0
1426,1,1.12,29,2,3913148.0000000005
6746,3,1.03,21,2,16327789.999999998
1122,2,0.93,30,1,2639185.0
3537,2,0.9,19,1,6675253.0
733,4,1.46,25,2,3097229.0
3191,3,1.49,19,3,12720989.0
7902,2,0.83,19,1,13581134.0
886,1,0.91,19,2,2051707.9999999998
2134,1,1.1,17,1,4819427.0
8610,4,0.93,11,2,18699565.0
4633,3,1.05,25,2,11554963.0
9876,3,0.89,18,1,17917573.0
6081,2,1.12,21,1,14006322.000000002
2467,2,0.99,14,2,5771542.0
6068,1,1.05,7,3,16763556.0
7784,4,0.87,27,2,16173197.999999998
8932,3,1.1,32,3,26132643.0
5645,2,1.49,34,3,22356970.0
6267,2,1.03,8,3,16944436.0
9253,4,1.41,15,1,26357045.0
2499,4,1.39,25,2,8491971.999999998
5401,1,1.47,7,2,18580225.0
3279,4,1.35,32,3,12028729.0
6692,1,1.26,29,3,22214109.0
2177,1,1.4,15,3,8139020.0
4677,4,0.85,13,2,9481198.0
7711,4,1.12,22,3,22698750.0
8373,4,1.49,31,2,29324872.999999996
4341,4,1.34,27,2,14016961.999999998
7598,4,1.47,6,1,22483304.0
6916,1,1.35,11,3,24363949.0
5385,2,1.41,12,3,19783157.0
1094,3,1.29,20,3,4072927.0
3112,3,1.33,23,1,8677762.0
6859,1,1.17,14,3,21033523.0
1996,1,1.45,13,2,6799291.999999999
4055,2,1.38,30,3,14760622.0
5361,4,1.39,15,2,17352189.999999996
5266,1,1.27,34,2,15726100.999999998
3858,3,1.01,9,2,9244854.0
1414,4,0.82,25,2,3231848.0
2344,1,1.45,33,3,9299953.0
2495,4,1.21,13,1,6203400.0
8125,3,1.01,6,1,16686516.0
594,4,0.9,13,2,1528140.0
9184,1,1.38,28,3,33411840.999999996
3569,1,1.39,17,1,10229424.0
649,3,1.37,28,3,2553893.0000000005
1546,2,1.25,30,1,4442150.0
3303,2,1.06,20,2,8508786.0
5834,4,1.01,18,2,13867170.999999998
9090,1,0.81,21,2,17120745.0
4976,1,1.38,31,1,14026205.999999998
7776,3,0.86,28,3,17770034.0
1051,3,1.24,23,2,3554734.0
8986,1,1.15,6,3,26922639.0
1643,3,1.17,22,3,5232448.0
955,2,1.45,21,2,3657739.9999999995
8860,2,0.82,28,1,14865743.0
2446,4,1.34,10,2,7833215.999999999
6615,3,0.84,25,2,13258954.999999998
7810,4,0.83,26,1,13244487.0
6680,3,1.1,15,3,19230059.000000004
6317,3,0.84,31,1,10970492.0
5880,2,1.35,11,1,15943987.000000002
6874,1,1.17,17,2,18698635.999999996
8945,3,0.82,15,1,15051088.0
8570,3,0.83,27,1,14655463.0
1820,3,1.23,22,1,4884544.0
7623,1,1.36,7,3,27061092.0
6653,4,1.11,24,3,19592466.000000004
