weather_condition,material_availability,labor_count,equipment_status,project_complexity,site_accessibility,delayed
2,76,90,1,1,3,1
3,41,84,1,1,3,1
0,91,86,2,2,2,0
2,37,59,1,2,3,1
2,50,20,2,3,3,1
3,99,37,2,1,1,1
0,54,79,0,3,3,1
0,41,50,0,2,1,1
2,44,25,2,2,2,1
1,88,77,2,2,1,0
2,55,57,2,1,2,1
2,55,65,2,1,2,1
2,76,73,2,2,2,0
2,61,68,2,3,2,1
3,39,99,1,3,2,1
0,45,71,2,2,1,0
3,46,85,1,3,2,1
3,52,20,1,2,3,1
3,55,98,2,3,3,1
2,36,27,2,2,2,1
1,43,28,1,3,3,1
0,36,96,1,1,1,0
1,38,64,2,2,1,0
3,77,91,2,2,2,1
3,88,35,1,3,2,1
1,68,15,1,2,2,0
1,47,13,1,2,3,1
1,88,38,0,2,3,0
3,46,68,1,1,1,1
3,43,26,0,1,3,1
0,60,52,2,3,1,0
0,53,89,2,1,3,0
3,89,75,1,3,1,1
1,74,43,2,1,2,0
1,32,17,2,3,3,1
0,66,22,2,1,1,0
3,72,17,2,1,3,1
0,69,74,0,3,2,0
0,84,52,0,2,1,0
2,68,48,1,2,3,0
2,44,90,1,1,3,1
2,33,68,1,3,2,1
1,54,93,2,2,2,0
3,42,97,2,3,1,1
3,62,95,0,2,3,1
3,45,95,0,3,3,1
3,71,53,1,1,2,1
2,95,18,0,3,2,1
1,84,46,0,2,1,0
1,71,83,0,1,3,0
2,63,45,0,3,3,1
1,59,37,0,2,1,1
2,42,51,1,1,1,1
3,42,52,1,3,2,1
2,47,94,0,2,2,1
3,61,97,1,3,1,1
3,68,51,2,3,1,1
0,75,75,0,1,3,0
2,58,64,2,1,1,1
0,91,81,1,2,1,0
2,91,57,1,1,3,0
2,86,31,2,2,1,1
0,45,36,1,3,2,1
0,85,76,0,3,2,0
2,39,22,2,2,3,1
1,59,54,0,3,1,1
3,54,19,2,1,2,1
0,34,18,1,3,2,1
3,94,63,2,1,2,0
1,78,36,2,2,2,0
1,32,43,0,2,1,1
1,74,10,1,3,1,0
0,43,41,0,3,1,1
1,59,98,1,1,1,0
0,97,80,0,1,2,0
1,47,76,2,3,3,1
3,91,93,0,3,3,1
3,66,29,1,2,2,1
2,54,44,1,2,2,1
3,77,99,2,2,3,1
2,94,87,1,3,3,1
3,82,26,0,3,2,1
0,44,27,2,3,2,1
3,78,54,1,2,1,0
2,97,93,1,3,1,1
2,41,62,0,1,3,1
1,88,91,0,3,2,0
0,66,77,2,3,3,0
3,90,74,1,3,1,0
1,72,10,0,3,1,1
3,99,67,2,3,3,1
3,68,35,1,1,1,1
1,85,29,1,1,2,0
1,92,96,2,3,3,0
1,75,19,2,2,2,0
1,40,68,0,3,2,1
1,91,84,1,3,1,0
3,54,50,1,3,2,1
1,81,14,1,2,3,0
0,33,74,2,2,2,0
2,88,26,0,2,2,1
1,49,31,1,1,2,1
1,92,50,2,2,2,0
3,83,77,1,1,2,0
1,86,78,0,1,1,0
1,70,20,1,2,3,0
1,32,65,0,2,1,1
3,35,60,0,2,3,1
1,34,30,1,1,3,0
2,34,85,1,3,3,1
3,83,35,0,2,3,1
2,76,28,2,2,3,1
3,78,69,0,2,2,1
1,38,80,1,1,1,1
2,49,56,1,1,1,1
3,90,80,2,3,2,1
0,64,35,0,2,3,0
1,79,49,0,1,1,0
3,91,14,0,3,2,1
0,46,30,1,2,2,0
3,32,87,0,1,1,1
0,61,13,2,2,1,0
1,42,32,1,2,3,0
2,97,93,1,1,3,0
0,43,24,0,1,1,1
3,40,17,2,1,3,1
1,85,50,1,2,2,0
0,96,28,1,2,3,0
3,58,55,0,3,3,1
3,38,37,0,2,2,1
3,96,77,2,1,3,1
0,54,24,0,2,2,1
0,71,46,2,3,3,0
0,38,10,1,3,1,1
2,69,76,2,1,3,0
0,54,33,2,1,1,0
0,34,36,2,3,1,1
0,40,49,1,3,1,1
2,88,72,0,3,1,1
0,67,70,1,1,1,0
3,34,45,0,3,2,1
0,77,33,2,3,2,0
3,47,33,2,1,2,1
3,99,13,2,2,1,1
3,66,76,2,2,3,0
2,89,43,2,3,2,1
2,77,66,0,2,3,1
2,57,58,0,2,3,1
0,98,96,2,2,1,0
3,69,62,1,2,1,0
2,74,32,1,3,1,1
2,91,78,2,2,2,1
0,87,62,0,2,1,0
2,96,71,1,1,2,0
0,85,50,1,3,2,0
1,69,66,1,1,2,0
2,69,69,2,1,2,0
1,62,63,1,3,1,0
0,35,79,1,2,2,1
3,48,66,1,1,1,1
2,69,19,1,3,1,1
0,88,49,0,2,2,0
3,88,16,2,3,1,1
3,77,47,2,1,3,1
1,70,94,0,2,1,0
0,42,70,0,2,1,1
3,74,93,2,3,2,1
2,82,12,1,2,2,1
2,71,60,1,1,1,0
1,92,95,2,1,2,0
3,56,56,1,1,3,1
0,67,77,0,3,3,0
2,89,85,1,2,2,0
3,36,47,1,2,1,1
3,34,45,1,2,3,1
1,74,50,2,1,3,0
2,87,78,0,2,1,1
2,60,22,1,1,2,1
0,52,96,2,2,3,0
2,71,67,1,1,1,0
0,39,59,0,2,1,1
2,61,39,1,3,3,1
1,82,71,0,3,2,0
2,59,34,1,1,3,1
0,68,36,0,1,1,0
0,60,60,1,2,3,0
1,31,87,0,2,2,1
2,41,66,1,3,1,1
2,68,56,1,2,2,1
1,95,48,2,1,3,0
2,42,25,2,1,3,1
2,75,31,0,1,2,1
0,56,94,1,1,3,0
2,46,63,0,1,2,1
2,89,30,2,3,3,1
1,93,81,0,3,2,1
1,64,25,0,1,2,0
3,99,68,2,2,1,0
0,59,40,1,1,1,0
2,92,51,0,3,2,1
2,57,83,2,1,3,1
3,89,41,1,3,3,1
2,66,68,2,3,3,1
0,51,43,0,1,2,1
3,97,18,1,1,2,1
0,49,90,1,2,2,1
3,97,20,2,3,2,1
3,93,19,2,2,1,1
1,46,95,2,1,2,0
0,41,26,1,3,3,1
2,51,77,1,2,1,1
2,46,57,0,2,3,1
0,39,61,1,2,2,0
2,94,34,0,1,1,1
2,51,30,2,1,2,1
0,79,74,2,1,1,0
3,43,72,1,3,3,1
0,93,98,2,1,2,0
3,76,60,2,3,2,1
2,58,45,1,2,1,1
2,65,90,0,2,1,1
2,81,97,1,1,2,1
1,36,75,0,2,1,1
3,58,24,1,1,2,1
1,40,48,1,3,1,1
1,62,79,2,2,3,0
0,35,10,1,1,1,1
1,61,32,1,2,3,0
0,80,48,0,2,1,0
0,87,66,2,1,1,0
1,55,90,0,2,2,1
3,75,43,0,2,1,1
3,58,50,2,2,1,1
3,33,82,2,2,3,1
3,42,22,2,3,1,1
3,68,79,1,2,2,0
1,44,15,2,2,3,1
1,58,93,2,1,2,0
2,58,61,2,3,2,1
3,61,12,0,1,2,1
1,31,90,0,1,2,1
2,76,72,1,1,3,0
3,51,58,0,3,1,1
0,56,85,1,1,2,1
2,96,56,0,1,3,1
1,85,64,2,1,2,0
0,50,73,0,2,1,1
0,76,74,1,1,3,0
0,88,90,0,3,3,0
2,35,76,2,3,1,1
1,48,99,1,2,3,0
0,86,24,2,3,1,1
3,98,41,2,3,3,1
0,32,77,1,2,3,0
0,30,27,2,1,1,1
2,87,92,2,2,1,0
2,67,52,0,1,3,1
1,44,44,2,1,3,0
3,63,87,2,3,1,1
2,90,67,2,2,1,1
0,64,42,2,3,3,0
1,93,23,1,3,3,0
0,54,43,0,1,3,1
0,53,70,2,3,1,0
2,41,13,2,2,3,1
1,47,97,1,3,2,1
3,44,68,2,3,1,1
3,56,38,1,1,3,1
2,89,92,0,2,1,1
2,75,15,0,3,2,1
1,46,58,2,1,1,0
3,82,49,2,3,3,1
3,37,92,2,2,2,1
3,56,74,1,3,2,1
0,75,78,2,3,3,0
3,79,36,2,1,3,1
0,32,89,0,3,3,1
1,93,15,2,1,1,0
0,73,22,0,2,1,1
1,82,73,2,3,1,0
3,53,71,0,2,3,1
3,89,28,2,2,3,1
1,32,85,0,3,1,1
2,49,89,1,1,2,1
1,75,52,0,2,1,0
2,44,83,0,2,2,1
0,54,98,0,3,3,1
0,46,29,2,3,3,1
0,38,77,2,3,1,1
3,67,53,2,3,1,1
0,77,32,1,3,3,0
2,89,11,1,3,1,1
0,92,31,0,1,3,0
1,31,66,1,2,3,1
1,40,81,0,1,2,1
3,93,16,0,1,1,1
1,50,87,0,3,3,1
2,47,65,1,2,1,1
0,93,76,2,1,2,0
3,67,25,1,3,2,1
0,61,92,0,3,1,0
0,40,60,0,2,1,1
2,74,91,1,1,3,1
1,62,89,0,1,2,0
1,70,81,0,1,2,0
0,37,21,1,3,2,1
3,40,62,1,2,1,1
1,80,84,1,2,3,0
3,70,14,0,1,1,1
1,46,36,0,3,1,1
3,75,21,2,1,1,1
2,61,26,2,2,3,1
3,83,15,1,3,1,1
2,49,14,2,1,2,1
2,62,66,0,1,2,1
3,69,37,2,3,2,1
2,61,87,0,2,3,1
0,31,78,1,3,1,0
2,62,68,1,1,3,1
1,59,42,0,1,1,1
3,62,71,2,1,2,0
0,55,59,1,1,1,0
3,51,28,1,2,1,1
1,95,95,2,2,1,0
1,67,78,2,1,3,0
1,75,75,0,2,1,0
2,44,56,2,2,1,1
2,73,48,2,2,1,1
3,78,77,2,1,3,0
3,90,42,0,3,3,1
0,96,22,0,3,3,1
0,35,93,1,3,1,1
3,38,63,0,1,2,1
2,35,16,1,2,2,1
1,61,88,2,2,2,0
3,70,96,1,1,1,0
0,37,23,1,1,2,1
2,79,96,2,3,2,1
3,91,28,1,3,2,1
3,91,63,0,1,1,1
2,36,29,0,3,2,1
3,33,38,0,2,2,1
2,35,33,0,1,1,1
1,87,91,1,1,3,0
2,51,72,1,2,2,1
2,55,83,2,2,3,1
2,32,66,1,2,2,1
3,70,17,1,3,1,1
3,89,99,1,1,3,0
2,43,71,2,3,3,1
3,41,38,0,2,3,1
0,41,83,1,3,3,1
0,42,26,2,2,2,1
3,54,75,2,3,2,1
3,74,15,2,3,3,1
2,48,67,0,2,2,1
1,84,78,1,3,3,0
3,74,37,2,1,3,1
0,37,71,0,3,1,1
2,82,50,2,3,3,1
3,84,78,2,1,2,1
0,61,91,2,2,3,0
0,80,99,2,1,1,0
1,73,93,2,3,2,0
2,99,50,0,2,1,1
2,47,58,1,3,1,1
1,51,58,1,3,3,1
1,66,85,1,1,1,0
2,85,80,1,1,1,0
2,88,12,0,2,2,1
3,32,19,0,2,1,1
3,57,98,0,2,3,1
1,64,44,2,3,3,0
3,90,89,2,1,3,0
0,83,11,2,1,1,0
3,92,33,1,1,2,1
3,36,83,2,2,3,1
0,78,47,1,1,1,0
1,60,31,2,1,3,0
0,87,35,1,1,3,0
3,90,52,2,2,2,0
1,53,64,2,1,3,0
3,49,48,0,2,2,1
0,66,38,2,1,1,0
0,33,29,2,1,3,1
3,49,50,0,1,1,1
2,89,63,1,2,1,1
2,53,29,0,2,1,1
0,79,28,0,1,3,1
0,78,93,1,3,2,0
2,80,75,2,2,3,0
2,65,39,1,2,1,1
3,95,62,2,1,2,1
3,63,43,2,3,1,1
2,65,31,1,1,2,0
3,35,76,0,2,3,1
3,68,15,1,2,2,1
1,71,88,2,1,3,0
3,87,36,1,1,1,1
0,41,19,1,3,2,1
3,32,82,2,3,1,1
3,47,57,0,2,2,1
2,69,79,1,3,3,1
0,50,68,2,3,2,1
3,44,68,2,2,2,1
3,55,11,1,2,3,1
1,37,38,0,2,3,1
3,71,77,1,2,3,1
3,73,74,0,1,2,1
1,43,92,0,2,1,1
2,31,35,0,2,2,1
3,66,98,0,2,2,1
1,98,19,1,3,1,1
0,67,62,2,2,3,0
2,70,88,2,1,2,0
0,91,68,2,1,1,0
0,89,31,2,2,3,0
1,43,60,2,1,3,0
3,31,57,2,3,2,1
1,99,30,1,2,3,0
1,46,31,0,1,3,1
1,57,39,2,1,1,1
1,95,34,1,2,1,0
2,64,37,2,1,3,1
3,34,74,2,2,1,1
0,94,54,0,1,3,0
0,69,77,0,3,2,1
3,85,16,0,1,1,1
0,65,58,2,1,3,0
3,74,18,2,2,3,1
0,52,45,2,1,1,0
1,76,92,0,2,1,0
0,60,10,1,3,2,0
3,40,19,2,2,3,1
3,39,45,2,2,2,1
3,96,82,2,1,2,1
3,43,55,1,3,2,1
3,39,41,2,2,1,1
2,30,41,1,1,2,1
2,34,15,2,1,1,1
0,49,57,1,2,1,0
3,37,47,2,1,2,1
0,72,26,0,2,2,1
3,30,83,0,2,3,1
3,86,36,0,2,2,1
2,93,63,0,3,3,1
2,57,59,2,2,2,1
1,66,44,0,1,2,0
2,76,94,1,3,2,1
1,66,34,0,1,2,0
1,78,37,0,3,3,0
1,73,24,0,3,3,1
1,85,13,2,3,2,0
1,57,82,0,3,2,1
0,35,36,1,1,3,0
2,90,35,0,2,1,1
1,49,28,0,1,1,1
3,31,26,0,2,1,1
2,66,52,1,1,3,0
2,49,50,0,3,3,1
1,55,51,1,3,1,0
0,58,59,1,2,1,0
1,30,93,0,2,2,1
0,64,49,1,1,3,0
3,99,48,2,2,3,0
2,88,32,0,1,1,1
3,98,61,0,2,1,1
0,62,56,1,2,3,0
0,80,72,1,2,2,0
3,41,78,0,3,1,1
0,49,52,2,3,3,0
3,82,57,1,1,3,0
2,72,43,1,2,2,0
3,79,49,2,1,2,0
2,58,84,2,2,1,1
3,86,70,0,3,1,1
0,68,59,2,3,1,0
3,85,76,0,2,3,1
0,72,71,2,2,1,0
3,79,67,1,3,3,1
3,52,42,0,3,1,1
1,73,84,0,1,2,0
0,67,25,0,3,2,1
1,52,91,2,2,3,0
0,74,57,1,1,2,0
1,81,19,0,2,3,1
2,79,91,0,1,3,1
3,37,47,0,2,2,1
0,30,28,0,3,3,1
0,37,45,1,2,2,0
3,58,68,2,1,1,1
0,34,72,1,2,1,0
0,76,86,0,1,2,0
1,63,55,1,2,2,0
0,94,12,0,3,2,1
2,84,83,2,3,2,1
2,72,74,2,2,1,0
3,59,17,2,2,3,1
0,46,60,0,2,3,1
3,55,90,1,1,1,1
2,37,82,2,2,3,1
0,76,15,0,2,1,1
0,75,98,0,1,3,0
3,97,48,1,3,2,1
2,62,69,2,2,2,0
0,30,37,0,2,2,1
3,48,63,1,3,1,1
2,60,46,2,3,1,1
3,43,18,1,1,3,1
1,82,91,1,2,3,0
0,77,65,0,2,3,0
1,98,68,0,1,1,0
2,91,94,0,3,3,1
1,95,11,1,1,2,0
1,93,70,0,3,3,0
2,99,67,1,1,2,1
3,92,69,1,3,1,1
1,62,49,0,1,2,0
3,70,45,2,3,2,1
1,77,46,2,3,2,0
3,42,88,2,3,1,1
2,60,27,1,3,1,1
1,97,72,1,3,1,0
2,33,31,1,2,1,1
1,48,20,0,3,3,1
2,99,67,1,2,1,0
2,42,66,0,3,2,1
1,52,86,0,2,1,1
1,30,13,2,2,3,1
1,83,95,2,1,3,0
0,44,16,2,3,3,1
3,94,70,0,1,2,1
0,44,63,0,1,1,1
0,50,97,0,3,1,1
2,48,77,1,1,1,1
1,89,88,0,3,2,0
3,62,10,2,1,2,1
2,78,64,2,3,3,1
0,64,12,0,3,3,1
1,73,87,0,3,1,0
2,40,47,2,2,2,1
1,95,10,0,1,2,1
2,75,47,2,2,1,1
1,38,94,1,1,1,0
0,32,38,2,1,3,0
3,55,14,1,1,3,1
0,77,83,0,2,3,0
3,95,30,0,1,1,1
1,99,80,1,2,1,0
2,57,76,0,3,3,1
0,55,56,1,1,3,0
3,54,93,0,1,2,1
0,41,92,2,3,2,1
3,34,44,0,3,3,1
0,77,77,2,1,3,0
3,66,78,2,3,2,1
3,73,10,1,2,3,1
1,44,77,0,2,2,1
3,72,21,1,1,2,1
1,77,69,0,2,2,0
3,99,36,2,2,1,0
2,75,65,2,1,1,0
2,72,32,0,3,3,1
2,50,34,0,1,2,1
3,52,30,1,2,1,1
1,76,70,0,1,3,0
1,44,72,0,1,3,1
3,54,61,0,2,3,1
2,65,97,1,2,3,1
2,80,34,0,1,3,1
1,44,64,2,2,2,0
2,97,55,1,2,3,0
0,50,41,1,2,2,1
1,42,64,2,2,1,1
2,48,14,2,2,3,1
1,63,45,2,2,1,0
0,97,58,0,3,2,0
1,81,67,2,1,2,0
1,56,48,0,2,1,1
1,58,89,1,1,3,0
1,57,94,1,3,3,1
0,64,70,2,2,1,0
3,37,18,0,1,1,1
1,45,15,2,2,1,1
1,65,44,2,2,3,0
2,59,48,0,2,3,1
1,47,31,2,2,3,0
2,31,50,1,2,1,1
3,78,14,2,2,3,1
0,33,51,0,2,2,1
0,36,96,0,3,1,1
3,68,90,1,3,3,1
0,42,85,0,2,1,1
3,60,96,0,2,2,1
3,92,89,1,3,2,1
3,85,76,2,3,1,1
0,71,39,1,3,1,0
2,90,66,2,2,2,0
3,71,95,1,1,1,1
1,85,82,2,1,2,0
0,65,38,1,1,2,0
3,97,46,2,1,3,1
3,36,96,1,2,1,1
1,83,22,2,1,1,0
2,30,41,1,3,3,1
2,73,55,0,3,2,1
2,74,32,2,1,1,1
3,76,54,1,3,3,1
3,42,26,2,2,3,1
3,51,94,2,1,1,1
0,50,75,1,1,3,0
1,38,15,2,2,2,1
3,55,27,1,3,3,1
1,38,31,0,2,2,1
1,44,42,2,2,2,1
2,39,39,0,3,1,1
0,71,90,2,2,3,0
3,53,41,2,3,2,1
2,78,51,2,3,2,1
2,55,87,1,2,3,1
3,66,19,0,3,2,1
1,97,45,2,2,3,0
2,79,43,1,3,1,1
1,53,82,2,1,2,1
0,48,37,1,3,2,1
1,89,20,2,3,3,0
0,68,87,0,2,3,0
1,47,48,0,3,3,1
2,48,56,2,1,3,1
2,65,28,1,1,2,1
0,84,24,2,3,1,1
3,98,37,1,3,1,1
0,76,33,2,1,1,0
0,78,81,1,2,1,0
1,62,18,0,1,3,1
1,50,56,2,1,2,0
0,51,42,0,3,2,1
2,77,71,0,3,2,1
1,66,28,2,1,3,0
3,44,76,2,2,2,1
1,64,83,1,1,3,0
1,61,49,1,1,2,0
3,40,56,0,2,1,1
0,39,74,1,1,3,1
3,86,38,1,1,2,1
0,54,59,2,3,1,0
0,31,22,1,2,1,1
0,93,10,0,3,1,1
3,64,43,1,3,3,1
0,36,57,0,2,3,1
2,47,86,2,2,2,1
3,96,57,0,1,1,1
2,71,58,1,3,2,1
0,68,73,2,2,2,0
1,70,70,1,3,1,0
0,53,38,2,3,2,1
2,89,48,2,2,3,0
2,75,97,1,1,2,0
3,48,35,1,3,1,1
1,97,26,2,2,3,0
3,71,80,2,1,3,0
2,61,22,1,3,2,1
0,68,78,0,2,2,0
1,65,35,1,3,3,0
0,65,58,2,2,2,0
0,32,76,1,2,1,0
1,37,16,0,3,2,1
3,99,67,1,3,2,1
0,70,58,2,2,3,0
2,97,62,1,1,2,0
0,42,74,2,3,2,1
1,78,71,2,2,2,0
1,89,26,1,2,1,0
1,31,52,2,1,2,1
3,89,34,2,1,1,1
0,34,12,0,1,1,1
3,73,88,0,3,1,1
3,56,38,0,2,1,1
1,61,41,0,2,3,0
1,50,35,2,2,1,0
3,37,25,1,1,2,1
0,79,34,2,2,1,0
2,96,63,2,3,2,1
3,73,37,2,1,1,1
0,87,82,1,1,3,0
1,32,65,0,1,1,1
1,99,74,2,1,1,0
0,31,95,2,3,3,0
2,73,89,0,2,1,1
1,31,50,2,3,2,1
1,64,60,1,2,1,0
1,59,80,2,3,1,1
0,37,87,2,1,1,0
3,51,38,0,1,3,1
1,73,92,2,3,1,0
3,87,28,2,3,1,1
2,65,75,1,2,2,0
1,98,50,0,3,1,0
1,60,54,0,3,1,0
2,76,24,1,2,1,1
1,84,12,2,2,1,0
3,91,20,0,2,2,1
0,59,62,0,3,2,1
3,84,55,2,2,3,0
0,45,39,2,1,1,0
0,41,66,0,1,3,0
3,46,27,2,1,3,1
3,45,60,0,3,1,1
3,41,57,2,1,2,1
3,37,75,2,3,2,1
2,32,17,1,3,1,1
1,45,31,2,1,1,1
0,59,15,1,2,2,1
3,52,85,2,3,1,1
3,34,66,0,1,1,1
3,94,45,0,3,1,1
2,59,88,2,2,2,1
3,50,66,2,2,3,1
3,99,58,0,1,3,1
3,51,54,2,3,1,1
1,61,91,1,3,2,0
2,62,75,1,3,1,1
3,45,86,1,3,2,1
0,67,54,1,1,1,0
0,43,88,1,2,2,0
0,65,29,2,1,2,0
2,52,73,2,3,3,1
2,95,76,1,3,1,1
0,31,92,2,2,3,0
3,94,12,2,3,3,1
2,96,63,1,1,2,0
0,81,87,2,1,1,0
0,91,73,2,2,2,0
3,52,49,2,1,2,1
1,55,68,1,1,2,0
2,97,64,2,1,1,0
3,84,71,0,1,1,1
0,35,13,0,3,2,1
0,64,69,1,1,1,0
3,51,84,0,2,2,1
2,72,39,1,2,1,0
1,44,11,0,1,1,1
1,89,71,0,2,3,0
0,41,58,0,1,2,1
2,78,18,1,2,3,1
1,71,40,1,2,3,0
2,67,70,2,1,2,0
2,74,88,1,1,2,0
0,64,57,0,3,1,0
1,59,34,0,1,2,1
3,59,45,1,1,3,1
0,35,17,1,3,3,1
1,96,82,1,1,2,0
1,36,67,2,1,3,0
1,81,54,0,3,1,0
1,43,71,2,1,3,0
1,44,48,2,1,1,0
2,50,67,0,3,3,1
0,64,90,0,3,1,0
2,95,92,1,2,1,1
3,31,73,1,1,2,1
1,64,53,2,2,1,0
0,49,38,1,2,2,0
1,39,68,1,3,3,0
0,54,80,0,1,3,1
2,95,18,0,1,3,1
0,54,15,1,3,1,1
3,83,38,0,2,3,1
3,62,67,1,3,3,1
0,65,26,0,1,2,1
0,43,25,0,3,2,1
0,94,96,0,1,3,0
0,83,12,0,2,3,1
3,81,30,1,1,1,1
1,32,73,2,2,1,0
0,70,99,0,2,3,0
0,35,45,1,1,2,0
3,54,95,1,1,3,1
3,42,71,0,2,1,1
2,37,51,2,3,2,1
0,50,85,0,1,2,1
2,97,51,1,2,1,0
3,54,70,2,2,3,1
3,97,22,1,3,3,1
1,74,20,0,1,3,0
0,89,63,2,2,1,0
2,41,25,1,3,2,1
3,61,17,1,2,1,1
3,42,68,1,1,3,1
2,60,66,0,3,1,1
1,49,49,2,2,2,0
3,47,68,0,3,1,1
0,89,11,0,1,3,0
3,92,85,0,3,2,1
0,35,19,2,1,1,1
2,61,53,0,2,1,1
0,72,20,0,1,2,0
2,31,88,0,2,2,1
0,89,89,0,2,3,0
2,52,90,1,1,2,1
0,60,99,0,2,3,0
1,34,11,1,3,1,1
0,63,59,0,2,3,0
0,39,21,2,1,1,1
1,31,99,1,3,2,0
3,40,32,1,3,1,1
3,79,27,1,2,2,1
0,60,71,1,2,1,0
1,85,71,2,1,1,0
0,38,47,0,3,1,1
2,50,76,1,1,1,1
2,57,47,2,2,3,1
0,91,76,1,3,1,0
3,36,70,0,1,3,1
3,45,10,1,1,2,1
0,33,54,2,1,2,0
0,33,37,0,1,3,0
2,69,30,2,1,2,0
3,46,22,0,3,2,1
0,81,36,0,1,1,0
2,81,16,0,3,1,1
3,65,31,1,1,1,0
1,67,83,2,2,3,0
2,79,62,2,2,3,1
3,92,88,2,1,2,0
3,92,88,0,2,1,1
2,91,13,1,3,3,1
1,36,32,0,1,3,1
2,56,79,2,3,1,1
3,43,97,1,1,3,1
0,34,93,1,2,1,0
0,84,93,1,3,2,0
2,31,85,2,2,2,1
3,91,42,1,2,2,1
0,50,37,1,1,1,0
3,50,17,0,3,3,1
2,39,10,0,2,2,1
0,87,46,1,1,2,0
3,68,72,1,1,2,0
0,34,31,0,1,3,1
2,94,79,0,2,3,1
3,42,30,0,1,1,1
0,82,44,2,3,2,0
2,74,88,2,3,3,1
0,61,14,0,2,1,1
0,65,69,1,3,2,0
1,89,55,0,1,3,0
1,40,59,2,2,3,0
2,92,57,1,1,1,0
1,50,15,2,2,2,1
2,81,98,1,2,2,0
1,84,65,2,1,3,0
0,55,68,1,3,2,1
2,97,38,1,3,1,1
2,63,80,1,2,3,1
0,81,86,1,1,3,0
2,81,27,2,1,1,1
2,58,11,2,2,3,1
1,67,17,1,3,2,0
2,71,84,1,1,2,1
3,50,63,2,3,3,1
0,71,47,1,3,1,0
1,42,57,1,2,1,0
1,93,36,1,2,2,0
3,46,29,0,3,1,1
0,38,21,1,1,3,1
0,70,52,0,1,3,0
1,30,70,1,2,2,0
2,31,40,2,3,2,1
1,89,70,0,1,2,0
0,77,83,0,1,1,0
3,58,76,1,2,3,1
1,39,44,1,3,3,1
0,87,24,0,1,3,1
1,89,25,2,2,2,0
2,50,22,2,1,3,1
1,57,44,1,1,1,0
1,63,84,2,1,1,0
0,37,68,2,2,3,0
0,88,30,1,3,2,0
0,78,63,2,2,3,0
1,46,84,1,3,1,1
2,89,39,0,1,1,1
3,74,57,1,3,1,1
3,98,44,0,1,3,1
0,61,95,0,1,1,0
0,73,47,2,2,2,0
1,94,40,2,1,3,0
3,37,87,2,2,3,1
0,72,33,1,3,1,0
2,30,58,2,3,1,1
2,80,41,0,1,2,1
0,53,64,2,2,3,0
0,53,88,2,1,1,0
3,46,67,1,2,2,1
3,34,12,1,2,1,1
1,49,89,0,2,3,1
3,50,78,1,3,1,1
2,87,94,2,2,3,0
2,60,19,1,3,1,1
0,40,92,0,2,3,1
3,81,34,2,3,2,1
1,44,77,0,3,3,1
2,36,70,1,3,2,1
2,57,38,1,1,3,1
1,80,28,0,2,2,1
1,87,52,2,1,1,0
2,34,75,1,2,3,1
2,34,83,1,2,1,1
1,37,70,2,1,2,0
2,93,52,1,3,3,1
0,39,34,0,2,3,1
0,67,29,1,3,1,0
1,37,57,1,1,3,0
3,54,92,2,3,3,1
1,95,96,0,2,1,0
1,79,33,2,2,3,0
3,96,20,1,2,1,1
3,78,64,1,1,1,0
3,65,37,2,2,1,1
0,97,78,2,1,1,0
2,70,72,2,3,1,1
0,91,68,0,2,2,0
2,39,14,1,2,2,1
0,50,60,2,2,1,0
2,65,30,1,3,2,1
0,41,21,0,2,2,1
3,31,59,0,1,3,1
1,42,13,0,3,1,1
0,82,51,0,3,2,0
2,61,93,1,3,3,1
3,45,47,0,3,3,1
0,61,34,0,3,1,0
0,61,23,2,1,1,0
3,40,84,0,3,3,1
0,39,41,2,2,1,0
1,44,20,0,3,1,1
0,46,70,0,3,3,1
1,69,27,2,3,3,1
1,47,36,0,3,1,1
3,84,64,1,3,2,1
0,54,63,1,1,1,1
3,88,91,0,1,2,1
0,51,96,1,3,3,1
0,59,84,2,1,2,0
2,73,30,0,2,3,1
0,61,53,0,3,1,0
3,80,14,2,2,1,1
1,75,96,2,2,3,0
0,50,50,2,3,3,1
2,61,68,0,2,3,1
3,68,98,2,2,1,0
0,41,63,2,2,1,0
3,76,83,1,3,2,1
2,47,31,1,3,3,1
2,50,92,0,2,2,1
3,42,74,1,3,1,1
0,50,73,1,3,2,0
1,37,80,2,2,2,0
2,75,13,2,3,1,1
0,36,74,1,1,1,1
0,52,24,1,3,3,1
1,51,85,1,1,2,0
2,51,31,0,2,1,1
2,58,95,0,3,1,1
0,42,56,0,2,2,0
0,31,90,1,2,1,0
1,58,55,1,2,3,0
1,81,23,0,2,3,1
2,56,59,0,2,2,1
3,79,29,1,3,3,1
2,52,59,2,1,1,1
0,73,42,0,3,1,0
2,51,68,1,3,1,1
3,72,52,1,3,1,1
1,66,88,2,3,2,0
3,90,21,1,1,3,1
3,85,49,1,3,3,1
3,32,29,0,2,1,1
1,92,47,0,3,2,0
3,48,12,2,3,1,1
3,52,37,2,1,1,1
3,58,65,1,1,2,1
0,59,99,0,2,2,1
3,68,22,2,3,1,1
1,54,86,2,3,3,0
3,37,75,2,3,1,1
3,87,46,1,2,3,0
1,45,58,0,1,3,1
3,30,75,2,2,2,1
1,34,45,0,3,2,1
3,32,63,2,1,1,1
1,94,35,2,1,3,0
3,33,84,0,2,3,1
3,93,81,0,1,1,1
0,39,49,0,1,1,1
0,50,52,1,3,1,0
3,75,31,2,3,2,1
3,56,29,1,1,1,1
2,95,17,0,1,1,1
1,70,38,2,2,3,0
2,42,49,1,2,1,1
0,38,99,2,1,3,1
0,65,39,1,3,3,0
0,87,90,0,1,2,0
0,83,93,1,1,1,0
3,41,64,2,3,1,1
0,43,25,2,3,3,1
3,63,55,2,2,2,0
3,82,71,2,2,2,0
0,49,16,0,2,1,1
0,45,89,1,2,3,0
1,99,54,0,3,1,0
2,85,68,0,1,1,1
0,87,65,0,2,1,0
1,33,57,2,2,1,0
1,33,36,2,3,3,1
2,49,62,2,3,2,1
3,39,96,1,1,1,1
0,53,97,2,1,1,0
2,55,82,1,3,1,1
0,66,44,2,2,1,0
1,83,60,2,2,2,0
1,50,93,0,2,2,0
3,67,46,0,1,2,1
1,75,90,0,2,2,0
1,33,66,1,2,1,0
2,89,17,1,3,3,1
0,86,88,2,2,2,0
0,74,29,1,3,2,1
2,49,62,2,2,1,1
3,46,21,1,1,1,1
0,33,58,1,2,1,1
1,43,26,1,2,1,1
0,32,73,0,3,3,1
1,87,51,1,3,3,0
3,84,38,0,3,2,1
2,33,28,0,2,3,1
0,53,20,1,2,2,1
2,63,59,2,1,2,0
0,59,80,2,2,3,0
1,48,67,2,1,2,1
2,60,43,1,3,1,1
0,89,29,2,3,2,1
1,89,59,0,3,1,1
2,48,97,2,1,3,1
2,78,19,1,2,3,1
0,92,41,2,3,2,0
0,51,61,0,2,1,1
0,53,24,1,2,2,1
1,59,93,2,3,3,1
0,87,12,1,1,2,0
2,60,46,1,2,2,0
2,93,49,1,3,1,0
0,48,81,2,2,3,0
0,77,49,1,2,2,0
3,74,65,2,2,1,0
2,84,32,0,2,2,1
1,84,20,2,2,1,0
3,47,73,0,1,1,1
0,92,17,2,1,2,0
0,76,65,1,3,3,0
2,86,69,2,1,3,1
0,74,19,1,1,1,0
1,62,48,0,1,3,0
2,46,37,2,2,1,1
0,99,58,1,2,3,0
2,33,45,0,3,2,1
0,49,22,0,3,3,1
0,76,45,2,3,1,0
0,44,35,0,2,1,1
1,99,95,1,1,3,0
1,76,13,0,1,2,1
2,38,91,0,2,1,1
0,45,73,1,3,1,1
0,98,47,0,3,1,1
1,90,97,0,3,1,1
0,39,96,0,2,1,1
1,79,31,0,3,2,0
0,32,11,1,3,3,1
2,99,40,0,2,2,1
0,80,20,1,1,2,0
0,48,55,0,2,1,1
3,71,71,0,2,2,1
1,64,78,0,2,1,0
0,75,73,0,2,2,0
0,55,19,1,1,1,1
3,98,49,1,3,1,1
3,93,33,1,2,2,0
1,66,53,2,1,2,0
3,78,69,0,3,3,1
2,50,71,0,3,3,1
3,93,96,1,3,3,1
2,34,26,2,2,2,1
1,99,74,0,2,2,0
1,33,66,1,3,1,0
1,68,64,0,3,3,0
1,64,62,0,3,1,0
1,30,65,1,3,1,1
2,53,18,1,3,1,1
2,86,31,0,3,1,1
1,99,22,0,1,3,1
3,70,98,1,3,1,1
0,83,57,0,2,2,0
1,75,27,0,2,2,1
3,89,85,1,2,2,1
0,89,49,0,3,3,1
1,86,26,0,2,1,1
1,60,24,2,1,3,0
2,53,24,1,3,1,1
0,65,88,2,2,3,0
0,59,72,2,1,3,0
3,53,48,2,1,1,1
2,59,22,0,2,3,1
2,36,90,0,1,1,1
2,64,41,2,2,2,0
2,84,18,2,1,2,1
0,43,49,2,3,2,0
0,39,29,0,3,3,1
1,45,99,2,3,2,1
1,83,94,2,3,1,0
2,99,91,1,3,2,1
2,73,86,1,2,2,0
2,74,89,0,3,3,1
1,85,82,1,3,1,0
3,86,72,1,3,3,1
3,50,85,1,3,3,1
1,97,53,0,1,1,0
1,79,47,1,3,3,0
1,62,92,0,3,1,0
1,36,69,2,2,2,0
1,99,80,1,1,1,0
1,44,57,0,2,1,1
2,61,27,1,3,1,1
2,49,25,2,2,3,1
2,44,64,0,2,1,1
2,77,48,0,3,1,1
1,50,77,0,1,1,1
3,71,68,2,1,2,0
0,55,98,2,2,1,0
1,43,71,2,3,3,1
0,86,22,0,2,1,1
3,66,90,2,2,1,0
2,87,15,1,2,2,1
3,50,92,2,3,1,1
1,98,86,0,3,3,1
2,32,69,1,1,1,1
1,66,99,2,3,3,0
2,78,23,1,2,2,1
0,48,63,1,2,1,0
0,41,13,0,1,2,1
0,90,48,1,3,1,0
3,70,81,1,2,3,0
1,62,34,0,1,2,0
3,79,86,0,1,1,1
0,97,41,0,2,3,0
1,62,68,1,2,2,0
0,53,72,1,3,1,0
3,90,47,1,1,2,1
3,90,62,0,2,1,1
3,57,76,2,1,3,1
0,87,37,1,3,3,0
1,72,12,2,2,2,0
1,70,89,0,3,2,0
0,68,31,1,1,1,0
1,78,47,2,3,3,0
0,46,81,1,3,1,1
1,99,81,1,1,3,0
2,99,71,1,3,2,1
2,94,66,2,1,1,1
3,34,15,0,2,1,1
2,31,87,1,1,3,1
2,51,41,0,1,3,1
2,86,19,0,2,3,1
0,95,12,2,1,2,0
2,45,68,2,2,1,1
2,80,85,0,2,3,1
3,68,58,1,1,2,1
2,69,68,2,3,3,1
2,67,40,1,3,1,1
1,89,78,1,2,3,0
3,88,71,1,3,1,1
3,39,61,0,3,2,1
3,93,98,1,1,2,0
3,92,50,0,2,3,1
3,78,40,0,2,1,1
3,93,94,1,1,1,0
0,61,93,1,3,1,0
2,36,31,1,2,3,1
3,50,13,1,3,1,1
2,49,22,0,2,1,1
2,55,54,1,2,1,1
0,97,51,1,2,1,0
3,44,58,0,2,3,1
1,43,29,2,3,3,1
0,56,86,2,3,1,1
1,69,90,0,3,1,0
2,87,63,2,3,2,1
2,57,45,0,1,2,1
0,55,10,1,2,1,1
0,92,24,1,2,1,0
1,95,86,2,2,2,0
3,54,26,1,1,2,1
1,32,33,2,3,1,1
0,73,67,2,2,3,0
1,71,81,1,3,3,0
0,35,32,1,3,1,0
1,68,55,2,1,1,0
0,81,81,1,1,2,0
0,52,17,0,3,2,1
0,79,68,1,2,3,0
3,72,99,1,2,1,0
1,48,68,0,1,2,1
1,98,22,1,1,3,0
1,80,48,1,1,3,0
0,40,37,2,1,3,0
1,41,98,1,1,2,0
1,37,70,1,1,2,1
0,53,25,0,1,1,1
2,70,11,2,2,1,1
0,65,91,2,1,3,0
1,84,26,2,1,3,0
0,38,39,1,2,2,1
2,76,22,2,2,2,1
0,44,91,0,3,1,1
1,77,22,2,1,1,0
2,71,52,0,1,1,1
3,89,94,2,1,2,0
1,99,30,2,1,3,0
2,41,64,0,3,1,1
2,31,90,2,2,1,1
3,36,49,2,2,2,1
0,32,92,2,1,1,0
0,32,24,1,1,3,1
1,56,82,0,1,2,1
3,69,61,2,3,1,1
0,62,83,0,3,1,1
3,30,62,0,2,2,1
0,37,96,0,1,2,1
2,61,61,2,1,1,1
0,77,39,2,1,3,0
3,33,42,0,1,2,1
2,99,66,1,3,3,1
2,48,61,0,2,1,1
2,61,18,1,2,3,1
3,38,63,0,3,1,1
1,41,10,0,1,1,1
1,40,53,0,2,1,0
1,75,84,2,2,1,0
3,45,89,1,3,3,1
2,30,18,1,1,1,1
1,92,41,0,2,1,0
3,50,24,2,1,3,1
1,59,21,2,2,2,1
0,42,87,1,3,3,1
1,63,66,2,1,3,0
1,33,17,1,3,3,1
2,57,81,1,2,1,1
3,88,36,1,3,1,1
2,56,71,2,3,1,1
2,98,21,1,3,2,1
2,54,74,1,2,1,1
2,32,51,0,1,2,1
2,97,71,1,3,1,1
1,54,20,1,1,3,1
2,49,52,0,2,1,1
2,63,26,0,1,2,1
3,55,41,2,3,2,1
0,34,94,1,3,1,1
1,90,94,2,3,3,0
1,38,49,2,3,1,0
1,79,32,0,3,1,0
2,35,65,2,3,1,1
2,89,15,1,2,3,1
2,73,95,0,2,2,1
3,40,59,1,2,3,1
0,95,46,1,1,2,0
2,76,73,0,1,2,1
0,32,63,1,2,2,0
3,59,81,0,1,3,1
1,50,58,1,1,1,0
2,57,20,0,3,1,1
0,91,97,2,3,1,0
0,62,58,1,1,1,0
2,64,30,0,1,1,1
1,81,75,1,2,3,0
1,63,72,1,1,3,0
1,70,92,1,3,3,0
3,80,37,0,1,3,1
0,76,26,2,2,3,0
0,87,15,2,3,3,0
0,86,28,2,3,3,1
3,52,65,0,3,1,1
0,77,37,2,3,2,0
3,51,75,0,1,3,1
1,46,47,1,2,2,0
2,98,46,1,1,3,1
0,40,77,2,1,3,0
0,44,95,0,3,1,1
1,64,99,1,2,2,0
2,62,58,0,3,1,1
3,45,52,0,1,1,1
2,63,45,1,1,2,1
1,95,67,0,3,1,0
1,69,22,1,1,3,0
2,57,61,1,1,3,1
3,76,67,1,3,3,1
3,68,41,0,1,3,1
0,99,90,1,2,3,0
3,49,69,0,3,1,1
2,30,92,1,2,1,1
1,92,67,1,1,3,0
0,96,65,2,1,3,0
0,33,37,2,3,1,1
1,87,10,2,1,2,0
3,54,51,0,3,1,1
1,76,91,0,3,1,1
3,67,57,1,3,1,1
1,44,49,1,3,1,1
2,92,72,1,3,1,1
3,50,85,1,2,2,1
2,86,81,0,3,3,1
0,82,97,1,2,3,0
1,75,89,1,1,2,0
0,43,13,2,3,3,1
0,46,47,1,1,3,0
0,68,36,1,3,3,0
0,38,18,1,2,2,1
1,35,25,0,2,2,1
0,52,65,2,2,3,0
1,88,85,1,1,3,0
1,75,40,1,3,3,0
2,67,97,2,1,1,0
3,43,23,1,2,1,1
3,91,34,0,1,1,1
1,64,43,1,2,2,0
2,48,76,0,2,3,1
1,59,33,0,2,2,1
1,54,82,1,3,2,1
1,69,35,2,3,2,0
2,43,29,0,2,3,1
3,55,73,2,1,1,1
2,51,19,1,1,3,1
0,77,92,0,3,3,0
2,80,76,1,2,2,0
2,32,33,2,1,2,1
2,71,14,1,2,2,1
2,48,76,1,1,1,1
3,57,67,0,3,1,1
0,74,36,1,2,1,0
3,92,89,1,2,3,1
3,48,24,1,1,2,1
2,76,44,0,1,3,1
1,43,85,2,1,1,0
1,67,62,2,2,2,0
3,82,53,1,3,1,1
3,90,35,0,3,2,1
2,65,56,1,1,2,1
3,69,43,2,3,3,1
2,59,96,0,1,3,1
1,38,59,2,3,1,1
1,93,93,2,2,3,0
0,62,21,0,1,3,1
1,81,96,0,3,3,0
3,43,13,1,2,2,1
1,82,96,1,3,3,0
2,88,57,2,2,1,0
1,70,64,0,2,2,0
0,97,10,0,3,2,1
1,97,98,1,3,3,0
2,37,75,2,2,2,1
2,31,39,2,2,1,1
3,70,12,1,2,1,1
1,84,30,0,1,2,0
2,45,98,1,2,3,1
0,91,93,1,1,3,0
3,77,58,1,2,2,1
0,59,95,1,1,1,0
1,41,94,0,2,2,1
1,64,71,1,2,3,0
1,40,47,0,2,3,1
3,93,24,1,3,2,1
2,79,61,2,3,1,1
3,50,88,0,2,2,1
0,98,55,2,1,1,0
3,77,34,1,1,1,1
0,49,30,1,2,2,0
3,96,97,1,3,2,1
2,73,14,0,1,1,1
0,62,79,2,3,1,0
1,90,56,0,1,1,0
1,38,96,0,2,1,1
3,97,77,1,3,3,1
1,64,27,2,1,2,0
0,94,30,1,2,1,0
1,37,95,0,2,2,1
2,74,32,1,2,1,0
2,76,73,2,3,2,1
3,69,76,1,3,2,1
0,83,49,2,2,1,0
2,75,19,2,3,1,1
2,76,98,1,1,2,0
0,44,61,0,2,2,1
1,48,81,1,2,2,0
1,55,84,0,3,3,1
3,81,70,0,2,1,1
1,51,73,1,1,3,0
0,50,14,0,3,3,1
2,80,62,0,3,1,1
1,67,64,1,2,1,0
3,49,46,1,2,3,1
1,58,65,1,2,1,0
0,80,68,0,3,2,0
3,33,78,2,2,2,1
1,84,82,0,1,3,0
3,57,68,2,2,3,1
0,33,11,1,2,1,1
2,51,74,2,3,1,1
0,74,69,1,2,3,0
0,96,60,1,3,3,0
0,95,39,2,2,2,0
0,63,20,1,1,2,0
2,84,85,2,1,1,1
2,30,48,1,3,2,1
3,67,99,0,3,1,1
1,35,86,0,2,1,1
2,54,81,1,2,1,1
2,46,72,1,1,2,1
1,90,73,2,2,3,0
2,41,70,0,1,3,1
0,35,63,2,3,2,1
0,56,82,1,2,3,1
1,37,67,1,3,1,1
3,94,94,2,2,3,0
3,86,65,1,1,2,0
1,69,43,0,3,3,0
1,43,40,2,3,1,0
0,64,61,0,2,1,0
3,77,98,0,3,2,1
2,85,85,0,1,2,1
0,78,10,2,3,2,1
1,42,64,1,3,1,1
3,90,31,0,2,3,1
2,78,49,0,3,3,1
2,75,10,0,2,2,1
0,91,74,1,2,3,0
3,37,72,1,3,3,1
3,72,63,2,1,2,1
1,49,51,1,2,2,0
3,68,30,2,3,1,1
3,78,88,2,2,1,1
0,93,90,2,1,1,0
3,91,31,2,1,1,1
2,83,47,2,2,3,1
0,38,89,0,1,3,1
0,66,17,1,3,1,1
1,78,71,0,3,1,0
3,70,56,2,2,2,1
1,46,26,1,1,3,1
2,50,26,0,3,3,1
0,80,99,0,3,1,0
0,88,22,2,3,3,1
0,68,26,0,2,2,1
2,84,47,0,2,2,1
2,70,90,0,3,3,1
1,68,87,0,3,1,0
1,42,54,0,1,3,1
1,93,15,2,1,2,0
3,40,44,2,1,1,1
0,48,23,0,2,3,1
0,40,81,2,3,1,0
1,75,70,2,2,1,0
0,74,24,1,3,2,1
1,30,63,0,1,1,1
3,69,36,2,1,3,0
3,48,22,2,1,1,1
2,90,40,0,1,1,1
3,41,44,1,3,3,1
1,90,69,0,1,2,0
3,62,15,1,3,2,1
2,74,78,0,3,3,1
0,98,95,0,2,3,0
1,37,67,0,1,2,1
0,54,58,0,1,1,1
2,75,32,1,2,3,0
2,59,98,1,3,1,1
2,76,43,2,1,3,0
0,78,35,0,3,2,0
0,76,56,1,2,1,0
0,47,14,1,3,1,1
0,95,99,1,1,3,0
2,97,29,0,3,1,1
2,62,15,2,3,3,1
1,65,79,1,1,2,0
1,48,68,0,1,1,1
0,57,73,1,3,3,1
3,69,27,1,3,1,1
3,44,13,2,2,3,1
2,70,26,1,1,3,1
2,68,23,1,3,3,1
2,31,87,0,1,2,1
1,92,22,0,2,1,1
1,58,16,2,3,2,1
2,95,53,0,3,3,1
2,80,24,0,3,3,1
2,39,28,2,1,2,1
3,43,72,1,2,2,1
1,80,44,2,1,1,0
3,68,90,0,3,3,1
3,57,44,2,2,2,1
2,32,28,1,3,3,1
2,99,29,2,3,3,1
0,56,44,0,1,1,1
0,31,41,0,3,1,1
3,67,57,2,2,1,1
1,32,53,1,3,2,1
2,45,33,2,3,3,1
2,69,70,1,1,2,0
3,31,26,1,2,2,1
0,70,80,2,1,1,0
1,41,59,1,3,3,1
0,64,74,0,1,3,0
0,94,41,2,1,1,0
0,84,45,1,1,3,0
0,74,22,0,1,1,1
2,91,79,2,3,2,1
2,78,67,0,3,2,1
0,54,23,0,2,1,1
1,52,46,0,1,2,1
3,53,88,1,1,2,1
1,67,77,2,2,1,0
1,57,49,2,1,2,0
1,50,68,1,2,3,1
0,83,89,2,3,2,0
2,47,25,0,2,1,1
1,65,71,2,1,3,0
0,74,13,1,2,3,0
1,82,54,0,3,2,0
1,59,99,1,1,3,0
0,89,37,0,3,1,1
2,61,75,0,3,3,1
2,96,40,2,2,2,0
3,96,12,0,3,2,1
0,57,17,1,1,3,1
3,73,33,2,3,1,1
3,70,24,1,3,1,1
3,92,52,0,2,2,1
2,52,40,1,3,2,1
0,77,82,1,2,1,0
3,61,54,0,2,3,1
0,86,75,2,1,3,0
0,62,17,1,1,3,0
2,53,80,0,1,3,1
3,68,66,2,1,1,0
3,63,89,2,2,2,0
0,85,39,2,3,2,0
1,57,83,1,1,3,0
2,66,27,1,1,1,1
2,36,78,1,1,1,1
2,97,48,2,3,3,1
2,66,69,1,1,3,0
3,85,52,0,3,3,1
3,94,54,1,2,2,1
1,94,32,1,2,3,0
2,76,78,2,2,2,0
2,49,15,1,3,1,1
0,48,65,0,1,1,1
3,58,13,2,1,2,1
2,89,32,0,1,2,1
1,47,15,2,1,2,1
1,64,41,2,1,2,0
3,72,27,1,3,3,1
1,40,24,0,2,1,1
1,78,49,2,1,3,0
3,67,82,1,2,2,0
2,93,83,2,3,3,1
2,98,93,2,3,3,1
1,37,15,2,1,1,1
1,63,72,2,3,3,0
2,77,76,2,2,1,1
3,85,20,2,1,2,1
1,94,52,1,1,3,0
0,60,26,2,2,2,0
3,33,13,0,1,1,1
1,79,72,1,1,2,0
1,98,77,0,2,2,0
0,59,90,2,1,1,0
0,88,50,0,1,2,0
2,96,92,2,2,2,1
3,74,14,2,3,2,1
3,33,41,1,2,3,1
2,55,95,1,1,2,1
3,56,79,2,2,1,1
3,75,44,1,1,3,1
3,93,31,0,1,3,1
3,80,74,1,2,1,1
3,79,93,1,1,2,1
0,35,31,0,3,3,1
3,88,20,1,1,3,1
0,44,86,2,2,3,0
3,59,12,0,3,2,1
2,71,18,2,3,3,1
1,66,69,0,1,1,0
0,71,85,2,2,2,0
3,64,96,2,1,1,0
2,35,23,1,1,1,1
1,97,27,2,2,3,0
0,47,82,1,2,3,0
1,58,32,0,1,3,0
2,88,83,2,3,1,1
0,76,92,2,1,2,0
1,46,56,0,3,3,1
3,51,78,0,1,3,1
0,97,56,2,2,1,0
1,98,96,0,3,2,1
2,66,39,1,2,1,1
2,78,34,0,2,3,1
0,42,37,0,2,1,1
1,63,34,2,2,3,0
0,82,83,1,2,2,0
0,80,87,0,1,1,0
1,32,67,1,3,3,1
1,71,50,1,1,3,0
3,61,34,1,1,3,0
1,80,87,2,1,3,0
2,75,57,0,2,1,1
0,50,19,2,1,3,1
0,73,84,0,3,1,0
2,40,20,0,1,3,1
1,97,94,2,2,1,0
2,30,30,1,3,1,1
2,92,95,1,3,3,0
3,53,54,0,3,3,1
2,42,16,2,3,3,1
0,40,90,1,1,3,0
2,80,73,1,2,2,1
0,46,73,0,3,3,1
0,53,11,0,3,3,1
0,48,85,2,2,3,0
1,66,51,0,1,1,0
3,37,91,1,3,3,1
0,57,63,1,1,1,0
0,34,84,1,1,1,0
1,46,25,1,1,1,1
0,65,27,2,1,1,0
2,48,68,2,3,2,1
2,93,99,0,3,3,1
3,40,25,0,1,1,1
0,83,15,0,1,3,1
1,74,66,2,2,1,0
2,76,56,1,2,2,1
1,41,57,0,2,1,1
1,50,51,1,3,3,0
2,40,85,0,2,3,1
1,34,69,0,3,2,1
2,85,86,0,3,3,1
1,49,13,0,3,3,1
2,70,11,0,3,1,1
0,75,99,1,2,3,0
3,41,68,0,1,1,1
2,99,36,1,1,2,0
2,46,36,2,1,3,1
3,48,88,0,2,1,1
2,55,81,1,1,3,1
2,77,16,2,2,1,1
1,81,72,2,2,2,0
3,99,55,2,2,1,1
0,84,72,1,1,3,0
2,62,21,0,1,1,1
3,91,22,0,1,3,1
1,52,52,1,3,2,1
0,44,26,0,2,1,1
3,56,72,1,3,3,1
0,93,90,0,2,3,0
0,80,45,2,1,3,0
0,82,94,0,2,1,0
2,80,17,1,2,1,1
2,76,78,1,3,1,1
1,33,99,2,2,2,0
1,36,89,1,1,3,0
3,64,45,0,2,3,1
1,77,37,0,2,2,0
0,74,56,2,2,2,0
0,48,85,1,3,1,1
2,92,39,2,2,1,1
0,67,32,0,2,1,0
3,96,25,2,3,1,1
0,88,23,1,3,1,0
0,98,83,2,3,1,0
3,42,80,1,3,2,1
1,76,61,1,1,2,0
1,90,46,0,1,2,0
3,60,38,0,2,3,1
2,51,76,0,1,3,1
0,72,24,1,2,1,0
3,96,56,2,1,2,1
0,83,55,1,3,3,0
2,39,61,0,3,3,1
0,71,28,0,1,2,1
3,93,86,2,1,3,1
0,50,30,0,2,3,1
1,95,73,0,2,2,0
2,70,46,0,2,3,1
2,53,36,2,3,2,1
2,64,64,1,3,3,1
3,85,38,0,3,2,1
2,59,29,2,3,3,1
1,86,34,0,2,3,0
3,76,79,2,3,2,1
1,64,72,0,3,3,0
0,48,45,2,3,2,0
0,37,11,0,3,2,1
0,55,31,1,1,3,0
0,59,25,0,2,1,1
1,36,27,2,2,3,1
3,96,78,0,3,1,1
3,94,63,1,1,1,0
2,65,39,0,2,3,1
1,54,54,2,2,1,0
0,66,28,2,3,2,1
1,30,96,1,3,2,0
2,44,43,2,2,1,1
2,66,22,0,2,2,1
1,42,52,0,1,3,1
1,37,71,0,2,2,1
1,34,31,2,2,1,0
3,89,61,0,3,3,1
0,30,61,0,2,2,1
1,65,45,0,3,3,1
1,64,82,1,2,1,0
1,95,28,2,2,2,0
2,92,47,2,2,3,0
2,52,79,2,1,3,1
3,38,88,1,3,2,1
0,63,66,2,1,3,0
3,75,29,1,2,3,1
0,33,18,1,1,1,1
2,59,41,2,3,1,1
2,32,13,0,2,1,1
2,43,59,0,1,1,1
3,89,91,2,1,1,0
1,74,14,2,3,1,1
1,63,29,1,1,2,0
2,74,96,2,3,1,1
1,90,84,1,2,3,0
1,45,46,2,2,2,1
3,95,31,0,1,3,1
0,69,67,0,2,1,0
2,46,77,2,2,1,1
2,63,53,1,1,3,0
3,45,43,0,2,3,1
3,89,86,1,1,3,0
1,95,51,2,3,2,0
2,95,18,2,3,1,1
0,42,16,0,3,3,1
3,85,77,2,1,1,0
0,60,28,0,1,3,0
0,63,40,1,2,1,0
2,68,44,0,2,2,1
2,96,66,0,2,1,1
3,37,94,1,2,3,1
2,84,70,0,2,1,1
2,56,40,0,1,2,1
2,82,92,2,1,2,1
0,68,62,1,3,1,0
3,94,41,0,3,3,1
1,46,75,1,3,2,1
0,59,68,1,3,2,0
2,82,19,0,1,1,1
0,42,11,2,1,2,1
2,50,75,1,1,2,1
2,48,69,0,2,3,1
0,82,97,1,2,3,0
3,48,26,2,3,3,1
2,86,25,2,2,1,1
3,54,25,2,1,2,1
1,60,55,0,3,1,0
2,84,48,0,3,2,1
3,52,40,2,2,2,1
3,61,97,0,3,2,1
1,91,10,2,2,3,0
3,39,20,0,2,1,1
3,83,94,2,3,1,1
1,81,13,1,2,2,0
2,49,80,2,2,1,1
3,61,35,2,2,3,1
3,43,59,0,2,1,1
3,79,21,0,3,2,1
0,57,90,0,1,3,1
1,82,84,0,1,3,0
0,53,74,0,2,2,1
1,51,56,0,2,1,1
2,59,62,1,2,2,1
2,92,80,2,1,1,0
3,33,11,2,2,1,1
1,88,33,2,3,3,0
2,37,13,1,3,2,1
1,41,28,2,3,3,1
2,60,35,1,1,2,1
0,63,84,1,2,2,0
2,78,49,1,2,3,1
0,86,59,2,2,2,0
2,55,52,1,1,2,1
3,47,84,2,1,1,1
0,67,76,2,1,2,0
2,79,21,0,1,2,1
3,37,76,0,3,3,1
0,70,36,1,1,3,0
3,35,63,1,1,2,1
1,98,75,2,1,1,0
1,73,58,1,2,1,0
0,93,25,1,2,3,0
2,58,11,2,2,2,1
0,57,69,1,3,2,1
3,40,63,1,3,1,1
2,94,39,2,1,1,1
1,48,93,2,2,1,0
2,38,47,0,3,3,1
1,56,37,2,2,2,0
2,63,34,0,3,3,1
2,73,19,1,3,2,1
2,97,69,2,1,3,1
3,44,51,2,1,2,1
3,80,49,2,3,1,1
0,42,86,1,1,1,0
0,78,51,0,3,1,0
1,99,56,1,3,3,0
3,85,46,1,2,1,1
1,80,89,2,1,2,0
0,66,31,0,1,3,0
1,46,66,1,1,2,0
0,87,93,2,2,3,0
3,58,36,1,2,2,1
2,62,50,1,2,2,1
3,89,89,2,1,3,0
1,84,43,2,1,3,0
1,39,41,0,1,1,1
3,76,99,1,2,1,0
3,52,98,2,2,2,1
0,50,75,2,3,2,1
1,42,21,0,2,2,1
1,62,49,0,3,3,1
3,53,82,2,1,3,1
2,40,85,0,2,1,1
1,46,99,2,1,2,0
2,97,82,1,1,1,1
3,76,19,0,1,3,1
3,54,57,1,1,3,1
0,50,29,1,2,3,1
1,41,48,1,1,1,0
2,66,69,2,3,3,1
0,71,75,1,2,2,0
1,46,74,1,1,1,0
0,77,60,1,2,3,0
3,57,45,2,3,1,1
1,70,33,1,1,1,0
0,76,36,1,3,3,0
0,47,11,0,1,3,1
2,42,40,2,3,1,1
0,42,66,1,1,1,0
1,60,87,0,2,3,0
1,31,75,2,1,2,0
2,45,38,2,2,1,1
1,38,24,2,1,1,1
3,67,21,2,1,2,1
1,83,37,2,3,3,0
1,85,93,2,3,3,0
0,74,33,1,3,2,0
0,63,30,1,1,3,0
1,38,19,1,1,3,1
2,37,87,1,1,1,1
0,36,27,0,2,1,1
2,65,97,1,2,1,0
1,47,23,2,1,2,1
1,32,43,1,3,3,1
3,57,67,1,3,3,1
0,99,85,2,3,1,0
1,73,31,1,1,1,0
3,50,79,1,3,2,1
0,57,45,1,1,3,0
1,83,54,0,2,2,0
1,83,45,1,3,3,0
0,94,31,2,2,2,0
0,50,87,2,3,1,1
0,42,89,1,1,2,1
1,86,70,1,1,2,0
1,78,65,1,1,1,0
3,83,98,2,1,3,0
2,39,42,2,3,3,1
0,82,54,0,2,1,0
1,73,45,0,1,2,0
1,76,29,0,3,2,1
0,82,27,2,2,2,0
2,75,47,0,1,3,1
0,42,76,1,2,2,1
2,66,32,1,1,3,0
1,53,25,2,2,2,1
2,31,68,0,2,1,1
3,43,78,1,1,1,1
1,39,77,2,3,3,0
3,64,30,0,2,3,1
0,54,87,1,1,1,0
0,32,87,0,2,1,1
0,46,79,2,2,2,0
2,41,21,0,3,1,1
1,83,25,2,2,3,0
0,53,90,0,2,1,1
0,58,96,1,1,3,0
1,72,23,2,1,3,0
0,54,70,2,3,2,1
3,89,80,2,2,2,1
1,94,55,0,2,2,0
1,57,41,0,2,2,1
1,45,24,1,3,1,1
3,76,53,2,2,2,1
1,87,26,2,1,1,0
3,56,50,0,3,2,1
1,82,63,0,1,2,0
2,71,53,1,1,3,1
0,88,14,1,3,1,0
2,76,36,0,1,3,1
0,63,96,2,2,2,0
3,66,87,1,3,1,1
2,35,88,0,1,2,1
1,36,52,0,2,3,1
0,54,40,2,2,1,1
0,62,26,0,1,3,1
2,84,92,0,2,2,1
3,87,63,1,3,2,1
2,36,71,0,1,2,1
3,86,96,0,2,1,1
3,41,41,1,2,3,1
0,45,49,2,1,3,1
2,72,22,2,1,2,1
2,36,93,1,1,3,1
3,80,44,1,1,1,1
2,61,14,2,3,2,1
1,37,82,2,1,2,0
1,74,38,2,3,2,0
2,88,79,2,3,1,1
2,33,34,2,1,2,1
3,96,31,1,3,2,1
1,58,75,0,1,2,1
1,58,54,2,1,2,0
0,57,78,2,2,3,0
3,73,98,0,1,2,1
0,33,81,0,2,1,1
1,38,10,0,3,2,1
3,34,93,0,2,2,1
2,85,53,0,3,3,1
3,79,96,0,1,2,1
2,44,84,1,3,3,1
2,61,48,0,3,1,1
3,57,63,0,1,3,1
2,51,97,1,3,2,1
0,46,84,0,1,1,1
1,88,38,2,2,2,0
2,86,63,2,1,3,0
0,55,99,0,1,1,1
2,54,25,1,3,1,1
1,39,29,2,2,3,1
0,74,55,1,1,3,0
1,40,76,2,2,1,0
1,82,74,0,2,1,0
0,97,67,1,3,3,0
0,57,62,1,1,2,0
0,94,10,1,3,1,0
3,78,90,2,1,3,1
0,76,75,2,2,2,0
0,81,38,2,1,1,0
0,83,93,0,1,1,0
0,89,79,2,2,3,0
2,86,17,0,2,2,1
3,76,38,1,1,1,0
1,60,60,1,3,2,0
0,75,42,0,1,2,0
2,55,12,2,2,1,1
2,34,69,0,3,2,1
2,81,44,1,2,1,0
1,83,78,1,2,2,0
0,62,85,0,3,1,0
3,79,93,2,2,3,1
3,67,29,2,2,1,1
2,56,82,0,2,1,1
1,44,48,0,2,1,1
1,90,13,2,2,2,0
1,50,28,1,2,3,1
3,75,54,0,2,2,1
2,98,52,2,2,2,1
0,35,22,2,2,1,1
3,67,22,1,1,2,1
2,91,69,1,1,1,0
2,91,66,1,2,3,0
0,75,95,1,1,2,0
0,42,61,1,3,2,1
0,32,62,0,1,2,1
1,35,95,2,2,1,0
0,37,52,0,2,1,1
2,73,92,0,1,2,1
0,62,81,0,2,2,0
